-- phpMyAdmin SQL Dump
-- version 4.9.3
-- https://www.phpmyadmin.net/
--
-- Host: localhost:3306
-- Generation Time: Jan 27, 2020 at 11:55 AM
-- Server version: 5.7.28-0ubuntu0.18.04.4
-- PHP Version: 7.3.13-1+ubuntu18.04.1+deb.sury.org+1

SET SQL_MODE = "NO_AUTO_VALUE_ON_ZERO";
SET AUTOCOMMIT = 0;
START TRANSACTION;
SET time_zone = "+00:00";


/*!40101 SET @OLD_CHARACTER_SET_CLIENT=@@CHARACTER_SET_CLIENT */;
/*!40101 SET @OLD_CHARACTER_SET_RESULTS=@@CHARACTER_SET_RESULTS */;
/*!40101 SET @OLD_COLLATION_CONNECTION=@@COLLATION_CONNECTION */;
/*!40101 SET NAMES utf8mb4 */;

--
-- Database: `schuimkraag`
--

-- --------------------------------------------------------

--
-- Table structure for table `betaalstatus`
--

CREATE TABLE `betaalstatus` (
  `betaalstatus_ID` int(11) NOT NULL,
  `bestaalstatus_omschrijving` varchar(100) DEFAULT NULL,
  `created_at` timestamp NULL DEFAULT CURRENT_TIMESTAMP
) ENGINE=InnoDB DEFAULT CHARSET=utf8;

--
-- Dumping data for table `betaalstatus`
--

INSERT INTO `betaalstatus` (`betaalstatus_ID`, `bestaalstatus_omschrijving`, `created_at`) VALUES
(1, 'betaald', '2020-01-08 09:05:15'),
(2, 'onbetaald/niet vervallen', '2020-01-08 09:05:15'),
(3, 'onbetaald/vervallen', '2020-01-08 09:05:15');

-- --------------------------------------------------------

--
-- Table structure for table `bier`
--

CREATE TABLE `bier` (
  `bier_ID` int(11) NOT NULL,
  `biernaam` varchar(60) NOT NULL,
  `bierstijl_id` int(11) DEFAULT NULL,
  `bierbeschrijving` text CHARACTER SET utf8 COLLATE utf8_unicode_ci,
  `alcoholgehalte` float DEFAULT NULL,
  `prijs` float DEFAULT NULL,
  `etiketafbeelding` varchar(60) DEFAULT NULL,
  `brouwerij_id` int(11) DEFAULT NULL,
  `created_at` timestamp NULL DEFAULT CURRENT_TIMESTAMP
) ENGINE=InnoDB DEFAULT CHARSET=utf8;

--
-- Dumping data for table `bier`
--

INSERT INTO `bier` (`bier_ID`, `biernaam`, `bierstijl_id`, `bierbeschrijving`, `alcoholgehalte`, `prijs`, `etiketafbeelding`, `brouwerij_id`, `created_at`) VALUES
(1, 'Achel 8 Blond', 3, ' Belgische trappist van hoge gisting, goudblond bier (13 EBC) met hergisting in de fles, ongefilterd. Ingrediënten: Gerstemout, hop, gist, water. Geproefd: Gemout aroma, zacht fruitig in de neus, met een kleine hoptoets en een weinig metalig accent.', 8, 2.6, 'achel8blond.png', 1, '2020-01-07 19:03:38'),
(2, 'Bierpruver Triple', 5, 'Dit bier is een bier van de bierstijl Belgian Tripel en wordt zoals hierboven beschreven op de markt gebracht door Huisbrouwerij De 3 Vaten. Het bier wordt gebrouwen met/op de brouwinstallaties van . Het bier komt uit een fles met een kroonkurk en eenmaal uitgeschonken in het glas is de kleur troebel donker blond en is er in het glas geen bezinksel te zien. De schuimkraag heeft een fijne romige witte structuur, die stabiel en ongelijkmatig is verdeelt en lang blijft hangen in het glas. Tevens is het schuim wand klevend. Na het inschenken is er in het glas veel koolzuuractiviteit te zien en bij het proeven komt er in de mond geen prikkelend gevoel naar voren. De geur die gelijk opvalt is een fruitachtige geur. De andere geur die ook waarneembaar is, is een gistachtige geur. De smaak van het bier is zoet en het bier heeft een gistbitterheid. De nasmaak heeft een fruitachtige boventoon en verder komt er een licht kruidachtig gevoel naar voren in de mond.', 9, 3.8, 'bierpruvertriple.png', 4, '2020-01-07 19:03:38'),
(3, 'Brugse Zot', 3, 'Brugse zot is een evenwichtig doordrinkbaar bier met karakter. De smaak is fruitig en doet denken aan perzik. Brugse Zot is een natuurlijk bier, dat ontstaat uit een selectie van alleen de beste ingredienten.', 6, 2.6, 'brugsezot.png', 7, '2020-01-07 19:03:38'),
(4, 'Delirium Tremens', 2, 'Eenvoudig vertaald betekent een delirium tremens een periode van acute verwardheid (delirium) waarbij de armen, tong en vaak zelfs het hele lichaam beven (tremor). De persoon is niet helder van geest en kan zeer angstig zijn. Meestal treedt een delirium op de derde of vierde dag na het stoppen met alcohol.', 9, 3.6, 'deliriumtremens.png', 9, '2020-01-07 19:03:38'),
(5, 'Dulle Teve', 3, 'Dulle Teve is een Belgisch bier van hoge gisting dat gebrouwen wordt door brouwerij De Dolle Brouwers in Esen. Het blonde bier heeft een redelijk hoog alcoholgehalte (10%).', 10, 3.8, 'dulleteve.png', 6, '2020-01-07 19:03:38'),
(6, 'Gordon Finest Gold', 2, 'Verrukkelijk sterk blond bier met een zijdezachte en rijke smaak. Zijn bittere karakter wordt geaccentueerd met een hoog alcoholgehalte en heldere mout, die de fluweelzachte smaak in de afdronk verrijken met een heerlijke streling.', 10, 3.1, 'gordonfinestgold.png', 11, '2020-01-07 19:03:38'),
(7, 'Paljas', 3, 'Gemout en vrij ‘aards’ van geur, doch zeer zacht. Gemout en fijn (hop)bitter (30 IBU) van smaak, met een “donker” accent. Naarmate de nasmaak wordt de bitterheid iets sterker, doch zeker niet overdreven en ietwat getemperd door een subtiel zoete toets op de achtergrond.', 6, 2.4, 'paljas.png', 20, '2020-01-07 19:03:38'),
(8, 'Dronkenput', 4, 'Dit bier is een bier van de bierstijl Belgian Dubbel en wordt zoals hierboven beschreven op de markt gebracht door Kustbrouwerij. Het bier komt uit een fles met een kroonkurk en eenmaal uitgeschonken in het glas is de kleur gisttroebel donker bruin en is er in het glas geen bezinksel te zien. De schuimkraag heeft een fijne romige licht bruine structuur, die stabiel en gelijkmatig is verdeelt en na een paar minutjes weg zakt tot een klein blijvend laagje in het glas. Tevens is het schuim wand klevend. Na het inschenken is er in het glas veel koolzuuractiviteit te zien en bij het proeven komt er in de mond een licht prikkelend gevoel naar voren. De geur die gelijk opvalt is een suikerachtige geur. De andere geur die ook waarneembaar is, is een donker fruitachtige geur. De smaak van het bier is zoet en het bier heeft een gistbitterheid. De nasmaak heeft een suikerachtige boventoon en verder komt er een donker fruitachtig en chocoladeachtig gevoel naar voren in de mond.', 8, 2.6, 'dronkenput.png', 21, '2020-01-07 19:03:38'),
(9, 'St. Bernardus Abt 12', 17, 'Heeft een zeer fruitig aroma, zit boordevol complexe smaken en blinkt uit door zijn lange bitterzoete afdronk. Wordt aanzien als een van de beste bieren ter wereld.', 12, 2.3, 'stbernardusabt12.png', 22, '2020-01-07 19:03:38'),
(10, 'Stille Nacht', 3, 'Stille Nacht is een amberkleurig kerstbier van hoge gisting met een alcoholpercentage van 12%.', 12, 4.9, 'stillenacht.png', 6, '2020-01-07 19:03:38'),
(11, 'Struise Witte', 13, ' Het is een blond troebel bier met een alcoholpercentage van 5%. Dit is het eerste bier van De Struise Brouwers, gebrouwen in 2001 op de struisvogelboerderij te Lo.', 5, 3.9, 'struisewitte.png', 16, '2020-01-07 19:03:38'),
(12, 'Ardenne Triple', 5, 'Uitgesproken gehopt van geur, met een kruidig parfum. Volmondig. Gehopt van smaak, zacht fruitig, met een kruidig en grassig karakter en een mooi aanwezige bitterheid (41 IBU) die weliswaar niet overheerst.', 8.5, 3.7, 'ardennetriple.png', 2, '2020-01-07 19:06:50'),
(13, 'Belle-Vue Kriek', 18, 'Geur van “poepegatjes”-snoep doch allesbehalve fris. Zoet van smaak, rood fruitig en duidelijk kersen aanwezig. Slechts zéér fijn zurig in de verte. ', 5.1, 2.25, 'belle-vuekriek.png', 3, '2020-01-07 19:06:50'),
(14, 'Boerke Blond', 3, 'Boerke Blond, goudblond bier met een alcoholpercentage van 6,8%', 6.5, 3.2, 'boerkeblond.png', 5, '2020-01-07 19:06:50'),
(15, 'Boskeun', 3, 'Boskeun is een amberkleurig paasbier van hoge gisting met een alcoholpercentage van 10,5%. Het wordt gebrouwen voor Pasen en kan enkel bekomen worden door het 2 maanden voor Pasen telefonisch te reserveren en 14 dagen voor Pasen af te halen bij de brouwerij.', 8.9, 3.9, 'boskeun.png', 6, '2020-01-07 19:06:50'),
(16, 'Bolleke De Koninck', 2, 'Het is een amberkleurige Spéciale belge met een alcoholpercentage van 5,2% en een densiteit van 12° Plato. Dit bier is sinds 1913 op de markt en is het klassieke Antwerpse “bolleke”.', 5.2, 1.7, 'bollekedekoninck.png', 8, '2020-01-07 19:06:50'),
(17, 'Ename Blond', 3, 'Dit sterk blond abdijbier, hergist op fles, geurt naar citrus, ananas, perzik, nectarine en kruiden. Mout en hop strelen de smaakpapillen, beide mooi in balans. De aanzet is lichtzoet, de afdronk pittig tot pikant.', 6.5, 2.4, 'enameblond.png', 10, '2020-01-07 19:06:50'),
(18, 'Grimbergen Blond', 2, 'De grondstoffen van uitstekende kwaliteit vormen de rijkdom van dit hoge gistingsbier, dat zich kenmerkt door zijn okerblonde kleur. Grimbergen Blond is licht fruitig en evenwichtig zoet-bitter. Door zijn uitgesproken volronde smaak wordt dit bier ten zeerste geapprecieerd.', 6.7, 2.85, 'grimbergenblond.png', 12, '2020-01-07 19:06:50'),
(19, 'Gulden Draak ', 2, 'Gulden Draak (Dragon d\'or) is een donker Belgisch bier van hoge gisting (10,5°) gebrouwen door Brouwerij Van Steenberge te Ertvelde. In 1998 bekroonde het American Tasting Institute Gulden Draak tot beste bier ter wereld.', 10.5, 4.2, 'guldendraak.png', 13, '2020-01-07 19:06:50'),
(20, 'Hip Hop Blond', 3, 'Speciaal aroma met fruitige hints en iets fijn “zurig” in de neus, van de gebruikte haver en tarwe wellicht. Niet volmondig. Zacht “zurig” en vooral (perzik) fruitig van smaak op de voorgrond, met een uiterst subtiele bitterheid (30 IBU) op de achtergrond, die vooral in de droge nasmaak naar voren komt, doch al bij al zeer zacht van smaak blijft, zoals de rest van het bier. Niet heel uitgesproken, kortom, maar zeker verfrissend, wat toch de bedoeling is van een saison. Granig van karakter, met vooral de haver duidelijk aanwezig.', 5.5, 2.6, 'hiphopblond.png', 14, '2020-01-07 19:06:50'),
(21, 'Jan van Gent', 3, 'Jan van Oudenaarde is een Belgisch bier van hoge gisting. Het bier werd gelanceerd ter ere van het 200-jarig bestaan van de artisanale suikerbakkerij Jan van Gent te Oudenaarde op 22 maart 2012.[2][3] Men hoopte het nieuwe bier Jan van Gent te noemen naar het voormalige bier van Brouwerij Liefmans, maar de merknaam is in bezit van Brouwerij Duvel Moortgat en werd door haar niet vrijgegeven.', 5.5, 3.2, 'janvangent.png', 15, '2020-01-07 19:06:50'),
(22, 'Kloeke Blonde', 3, 'Het is een goudblond bier met een alcoholpercentage van 6%. Volgens de brouwers is dit bier genoemd naar een vrouw van een van de brouwers.', 5.5, 3.5, 'kloekeblonde.png', 16, '2020-01-07 19:06:50'),
(23, 'Leffe Royale', 3, 'Leffe Royale Whitbread Golding is een uiterst verfijnd bier. Haar blonde kleur met subtiele bitterheid en een toets van citroen en hars, in combinatie met een smaakpalet van vruchten, bepalen de elegantie van dit bier.\n', 7.5, 2.9, 'lefferoyale.png', 17, '2020-01-07 19:06:50'),
(24, 'Lost in Spice', 10, 'De Koninck Lost in Spice is een fris, kruidig en blond speciaalbier met fruitige citrustoetsen en een pittige nasmaak. Dry spiced bier met kardemom, gember, sinaasappelschil, citroen en koriander.', 5.2, 3.2, 'lostinspice.png', 8, '2020-01-07 19:06:50'),
(25, 'Lupulus', 5, 'De naam van het bier verwijst enerzijds naar hop, een essentieel ingrediënt voor bier. De Latijnse naam voor hop is Humulus Lupulus. Anderzijds is \"lupulus\" Latijn voor \"wolfje\". Op de etiketten en de glazen staat dan ook een afbeelding van een kleine wolf tussen hop.', 8.5, 2.7, 'lupulus.png', 18, '2020-01-07 19:06:50'),
(26, 'Mort Subite Kriek', 9, 'Voor de overname door Alken-Maes heette de brouwerij Brouwerij Mort Subite. Mort Subite was en is nog steeds lid van de Hoge Raad voor Ambachtelijke Lambiekbieren (HORAL). Al haar bieren zijn gebaseerd op lambiek. De bieren van Mort Subite zijn erkend als Vlaams-Brabants streekproduct. Mort Subite Original Kriek is een kriekenlambiek (eveneens een Gegarandeerde traditionele specialiteit en Vlaams streekproduct) met een alcoholpercentage van 4,5%. Bij het rijpen op eiken vaten worden verse krieken toegevoegd. Voordien was de naam Mort Subite Kriek.', 4.5, 3.5, 'mortsubitekriek.png', 12, '2020-01-07 19:06:50'),
(27, 'ne blonde Loemelaer', 3, 'Een volmout blond bier van hoge gisting. Puur mout, hoppen, gist en water – bier in basisvorm. Het aroma is rijk aan citrusachtige toetsen en heeft een licht bitterige afdronk. Een verrassend frisse en toegankelijke dorstlesser met een stevige schuimkraag als topping. ', 6, 3.2, 'neblondeloemelaer.png', 19, '2020-01-07 19:06:50'),
(29, 'Steenbrugge blond', 3, 'Het is genoemd naar de wijk Steenbrugge in Assebroek, een deelgemeente van de stad Brugge. De kruidige toets in de smaak van het bier komt van het kruidenmengsel gruut.', 6.5, 2.2, 'steenbruggeblond.png', 23, '2020-01-07 19:06:50'),
(30, 'The Politician', 3, 'Kruidig gehopt in de neus, ietwat stinky, cfr. typisch voor een saison. Half volmondig, wel vol smaak: mooi zacht bitter, met een ietwat kruidig (thijm?) karakter en flauw geharst op de achtergrond, samen met een subtiel zoetige toets in de verte. De nasmaak is droog.', 5.5, 10, 'thepolitician.png', 24, '2020-01-07 19:06:50'),
(31, 'Triporteur Total Loss', 2, 'otal Loss is een zwart beest dat een smaakexplosie garandeert: super hoppig, bitter en zwart. Een helse bitterheid botst met extreme hoppen. De Total Loss is 100% zeker het meest extreem gehopte bier van België. De ovens van BOM stonden roodgloeiend om de zwartste mouten te roosteren. ', 7.7, 3, 'triporteurtotalloss.png', 25, '2020-01-07 19:06:50'),
(32, 'Vlaamsche Leeuw', 5, 'Dit bier is een bier van de bierstijl Belgian Tripel en wordt zoals hierboven beschreven op de markt gebracht door Brouwerij van Vlaanderen. Het bier wordt gebrouwen met/op de brouwinstallaties van . Het bier komt uit een fles met een kroonkurk en eenmaal uitgeschonken in het glas is de kleur helder blond en is er in het glas geen bezinksel te zien. De schuimkraag heeft een fijne romige witte structuur, die stabiel en ongelijkmatig is verdeelt en lang blijft hangen in het glas. Tevens is het schuim niet wand klevend. Na het inschenken is er in het glas veel koolzuuractiviteit te zien en bij het proeven komt er in de mond een licht prikkelend gevoel naar voren. De geur die gelijk opvalt is een fruitachtige geur. De andere geur die ook waarneembaar is, is een moutachtige geur. De smaak van het bier is zoet en het bier heeft een gistbitterheid. De nasmaak heeft een citrusachtige boventoon en verder komt er een grasachtig en metaalachtig gevoel naar voren in de mond.', 8.5, 3.1, 'vlaamscheleeuw.png', 26, '2020-01-07 19:06:50'),
(33, 'Wild Card Raspberry', 9, 'Dit bier is een bier van de bierstijl Sour - Ale en wordt zoals hierboven beschreven op de markt gebracht door Brouwerij het Nest.. Het bier komt uit een fles met een kroonkurk en eenmaal uitgeschonken in het glas is de kleur helder donker rood en is er in het glas geen bezinksel te zien. De schuimkraag heeft een fijne romige cremeachtige structuur, die instabiel en gelijkmatig is verdeelt en na een paar minutjes weg zakt tot een klein blijvend laagje in het glas. Tevens is het schuim niet wand klevend. Na het inschenken is er in het glas veel koolzuuractiviteit te zien en bij het proeven komt er in de mond een prikkelend gevoel naar voren. De geur die gelijk opvalt is een framboosachtige geur. De andere geur die ook waarneembaar is, is een licht zuurachtige geur. De smaak van het bier is zuur en het bier heeft een gistbitterheid. De nasmaak heeft een framboosachtige boventoon en verder komt er een licht droog moutachtig en kersenachtig gevoel naar voren in de mond.', 6, 2.6, 'wildcardraspberry.png', 27, '2020-01-07 19:06:50'),
(34, 'Zingende Blondine', 3, 'Zingende Blondine is een Belgisch bier van hoge gisting. Het bier wordt sinds oktober 2008 gebrouwen in Brouwerij \'t Gaverhopke te Stasegem. Het is een blond bier met een alcoholpercentage van 9,8% met nagisting op fles.', 9.8, 2.8, 'zingendeblondine.png', 28, '2020-01-07 19:06:50'),
(35, 'Zwarte Piet', 2, 'Aroma van gebrande mout en lichte karamel. Typische stoutsmaak van zwarte koffie, uitgesproken (mout)bitter, een beetje gebrand en licht zoet, doch met een zacht zurige afdronk en nasmaak die vrij lang blijft hangen, in combinatie met het gebrande van de mout.ingrediënten', 8.2, 2.7, 'zwartepiet.png', 29, '2020-01-07 19:06:50');

-- --------------------------------------------------------

--
-- Table structure for table `bierstijl`
--

CREATE TABLE `bierstijl` (
  `bierstijl_ID` int(11) NOT NULL,
  `bierstijlnaam` varchar(60) DEFAULT NULL,
  `created_at` timestamp NULL DEFAULT CURRENT_TIMESTAMP
) ENGINE=InnoDB DEFAULT CHARSET=utf8;

--
-- Dumping data for table `bierstijl`
--

INSERT INTO `bierstijl` (`bierstijl_ID`, `bierstijlnaam`, `created_at`) VALUES
(1, 'Abdijbier', '2020-01-07 14:49:47'),
(2, 'Ale', '2020-01-07 14:49:47'),
(3, 'Blond', '2020-01-07 14:49:47'),
(4, 'Dubbel', '2020-01-07 14:49:47'),
(5, 'Tripel', '2020-01-07 14:49:47'),
(6, 'Bock', '2020-01-07 14:49:47'),
(7, 'Brutbier', '2020-01-07 14:49:47'),
(8, 'Faro', '2020-01-07 14:49:47'),
(9, 'Fruitbier', '2020-01-07 14:49:47'),
(10, 'Kruidenbier', '2020-01-07 14:49:47'),
(11, 'Lambik', '2020-01-07 14:49:47'),
(12, 'Oud bruin/roodbruin', '2020-01-07 14:49:47'),
(13, 'Witbier', '2020-01-07 14:49:47'),
(14, 'Pils', '2020-01-07 14:49:47'),
(15, 'Oude Geuze', '2020-01-07 14:49:47'),
(16, 'Geuze', '2020-01-07 14:49:47'),
(17, 'Quadruple', '2020-01-07 14:49:47'),
(18, 'Kriek', '2020-01-07 18:35:13');

-- --------------------------------------------------------

--
-- Table structure for table `brouwerij`
--

CREATE TABLE `brouwerij` (
  `brouwerij_ID` int(11) NOT NULL,
  `brouwerijnaam` varchar(60) DEFAULT NULL,
  `brouwerijstraat` varchar(60) DEFAULT NULL,
  `brouwerijhuisnummer` varchar(8) DEFAULT NULL,
  `gemeente_id` int(11) DEFAULT NULL,
  `created_at` timestamp NULL DEFAULT CURRENT_TIMESTAMP
) ENGINE=InnoDB DEFAULT CHARSET=utf8;

--
-- Dumping data for table `brouwerij`
--

INSERT INTO `brouwerij` (`brouwerij_ID`, `brouwerijnaam`, `brouwerijstraat`, `brouwerijhuisnummer`, `gemeente_id`, `created_at`) VALUES
(1, 'De Achelse Kluis', 'De Kluis', '1', 561, '2020-01-07 10:59:26'),
(2, 'Brasserie de Bastogne', 'Zoning Nord de Baillonville', '9', 1108, '2020-01-07 10:59:26'),
(3, 'Belle-Vue', 'Bergensesteenweg', '144B', 181, '2020-01-07 10:59:26'),
(4, 'De 3 Vaten', 'Herautenlaan', '7', 296, '2020-01-07 10:59:26'),
(5, 'Microbrouwerij Angerik', 'Snakkaertstraat', '30', 198, '2020-01-07 10:59:26'),
(6, 'De Dolle Brouwers', 'Roeselarestraat', '12B', 2155, '2020-01-07 10:59:26'),
(7, 'De Halve Maan', 'Walplein', '26', 2050, '2020-01-07 10:59:26'),
(8, 'Antwerp City Brewery', 'Mechelsesteenweg', '291', 278, '2020-01-07 10:59:26'),
(9, 'Huyghe', 'Geraardsesteenweg', '4B', 2326, '2020-01-07 10:59:26'),
(10, 'Roman', 'Hauwaart', '105', 2522, '2020-01-07 10:59:26'),
(11, 'John Martin S.A.', 'Rue du Cerf', '191', 68, '2020-01-07 10:59:26'),
(12, 'Alken-Maes', 'Blarenberglaan', '3C', 2826, '2020-01-07 10:59:26'),
(13, 'Van Steenberge', 'Lindenlaan', '25', 2595, '2020-01-07 10:59:26'),
(14, 'De Keukenbrouwers', 'Vredestraat', '147', 372, '2020-01-07 10:59:26'),
(15, 'Liefmans', 'Aalststraat', '200', 2522, '2020-01-07 10:59:26'),
(16, 'De Struise Brouwers', 'Kasteelstraat ', '50', 2187, '2020-01-07 10:59:26'),
(17, 'ABInbev Belgium', 'Brouwerijplein', '1', 2690, '2020-01-07 10:59:26'),
(18, 'Les 3 Fourquets', 'Courtil', '50', 1492, '2020-01-07 10:59:26'),
(19, 'Amai', 'Konijnenpijp', '11', 558, '2020-01-07 10:59:26'),
(20, 'Henricus', 'Pathoekeweg', '120', 2050, '2020-01-07 10:59:26'),
(21, 'Kunstbrouwerij', 'Steenweg op Gierle', '228', 329, '2020-01-07 10:59:26'),
(22, 'Brasserie st.Bernard', 'Trapistenweg', '23', 2297, '2020-01-07 10:59:26'),
(23, 'Palm Craft Brewers', 'Steenhuffel dorp', '3', 249, '2020-01-07 10:59:26'),
(24, 'Hof Ter Dormaal', 'Cauwbergstraat', '2', 2657, '2020-01-07 10:59:26'),
(25, 'B.O.M Brewery', 'Armoedestraat', '11', 2243, '2020-01-07 10:59:26'),
(26, 'Van Vlaanderen', 'Linieregimentstraat', '15', 2221, '2020-01-07 10:59:26'),
(27, 'het Nest', 'Beyntel', '17', 340, '2020-01-07 10:59:26'),
(28, 't Gaverhopke Brasserie de la Senne', 'Platanendreef', '16', 2237, '2020-01-07 10:59:26'),
(29, 'Brasserie de la Senne', 'Gentse steenweg', '565', NULL, '2020-01-07 11:22:46');

-- --------------------------------------------------------

--
-- Table structure for table `btw`
--

CREATE TABLE `btw` (
  `btw_ID` int(11) NOT NULL,
  `btw_bedrag` int(11) DEFAULT NULL,
  `created_at` timestamp NULL DEFAULT CURRENT_TIMESTAMP
) ENGINE=InnoDB DEFAULT CHARSET=utf8;

--
-- Dumping data for table `btw`
--

INSERT INTO `btw` (`btw_ID`, `btw_bedrag`, `created_at`) VALUES
(1, 6, '2020-01-07 14:16:29'),
(2, 21, '2020-01-07 14:16:29');

-- --------------------------------------------------------

--
-- Table structure for table `factuur`
--

CREATE TABLE `factuur` (
  `factuur_ID` int(11) NOT NULL,
  `klant_id` int(11) DEFAULT NULL,
  `btw_id` int(11) DEFAULT NULL,
  `kortings_id` int(11) DEFAULT NULL,
  `factuurtotaal` float(2,0) DEFAULT NULL,
  `vervaldatum` date DEFAULT NULL,
  `betaalstatus_id` int(11) DEFAULT NULL,
  `created_at` timestamp NULL DEFAULT CURRENT_TIMESTAMP
) ENGINE=InnoDB DEFAULT CHARSET=utf8;

-- --------------------------------------------------------

--
-- Table structure for table `factuurlijn`
--

CREATE TABLE `factuurlijn` (
  `factuurlijn_ID` int(11) NOT NULL,
  `factuur_id` int(11) DEFAULT NULL,
  `bier_id` int(11) DEFAULT NULL,
  `aantal` int(11) DEFAULT NULL,
  `created_at` timestamp NULL DEFAULT CURRENT_TIMESTAMP
) ENGINE=InnoDB DEFAULT CHARSET=utf8;

-- --------------------------------------------------------

--
-- Table structure for table `gemeente`
--

CREATE TABLE `gemeente` (
  `gemeente_ID` int(11) NOT NULL,
  `postnummer` int(4) DEFAULT NULL,
  `gemeente` varchar(60) DEFAULT NULL
) ENGINE=InnoDB DEFAULT CHARSET=utf8;

--
-- Dumping data for table `gemeente`
--

INSERT INTO `gemeente` (`gemeente_ID`, `postnummer`, `gemeente`) VALUES
(1, 612, 'Sinterklaas'),
(2, 1000, 'BRUSSEL'),
(3, 1005, 'Verenigde Vergadering van de Gemeenschappelijke '),
(4, 1006, 'Raad van de Vlaamse Gemeenschapscommissie'),
(5, 1007, 'Assemblée de la Commission Communautaire Française'),
(6, 1008, 'Kamer van Volksvertegenwoordigers'),
(7, 1009, 'Belgische Senaat'),
(8, 1011, 'Vlaams Parlement'),
(9, 1012, 'Parlement de la communauté française'),
(10, 1020, 'Laken'),
(11, 1030, 'SCHAARBEEK'),
(12, 1031, 'Christelijke Sociale Organisaties'),
(13, 1033, 'RTL-TVI'),
(14, 1035, 'Ministerie van het Brussels Hoofdstedelijk Gewest'),
(15, 1040, 'ETTERBEEK'),
(16, 1041, 'International press center'),
(17, 1043, 'VRT'),
(18, 1044, 'RTBF'),
(19, 1046, 'European External Action Service'),
(20, 1047, 'Europees Parlement'),
(21, 1048, 'Europese unie - Raad'),
(22, 1049, 'Europese unie - Commissie'),
(23, 1050, 'ELSENE'),
(24, 1060, 'SINT-GILLIS'),
(25, 1070, 'ANDERLECHT'),
(26, 1080, 'SINT-JANS-MOLENBEEK'),
(27, 1081, 'KOEKELBERG'),
(28, 1082, 'SINT-AGATHA-BERCHEM'),
(29, 1083, 'GANSHOREN'),
(30, 1090, 'JETTE'),
(31, 1099, 'Brussel X'),
(32, 1100, 'Postcheque'),
(33, 1101, 'Scanning'),
(34, 1105, 'ACTISOC'),
(35, 1110, 'NATO'),
(36, 1120, 'Neder-Over-Heembeek'),
(37, 1130, 'Haren'),
(38, 1140, 'EVERE'),
(39, 1150, 'SINT-PIETERS-WOLUWE'),
(40, 1160, 'OUDERGEM'),
(41, 1170, 'WATERMAAL-BOSVOORDE'),
(42, 1180, 'UKKEL'),
(43, 1190, 'VORST'),
(44, 1200, 'SINT-LAMBRECHTS-WOLUWE'),
(45, 1210, 'SINT-JOOST-TEN-NOODE'),
(46, 1212, 'FOD Mobiliteit'),
(47, 1300, 'Limal'),
(48, 1300, 'WAVRE'),
(49, 1301, 'Bierges'),
(50, 1310, 'LA HULPE'),
(51, 1315, 'Glimes'),
(52, 1315, 'INCOURT'),
(53, 1315, 'Opprebais'),
(54, 1315, 'Piétrebais'),
(55, 1315, 'Roux-Miroir'),
(56, 1320, 'BEAUVECHAIN'),
(57, 1320, 'Hamme-Mille'),
(58, 1320, 'L\'Ecluse'),
(59, 1320, 'Nodebais'),
(60, 1320, 'Tourinnes-La-Grosse'),
(61, 1325, 'Bonlez'),
(62, 1325, 'CHAUMONT-GISTOUX'),
(63, 1325, 'Corroy-Le-Grand'),
(64, 1325, 'Dion-Valmont'),
(65, 1325, 'Longueville'),
(66, 1330, 'RIXENSART'),
(67, 1331, 'Rosières'),
(68, 1332, 'Genval'),
(69, 1340, 'Ottignies'),
(70, 1340, 'OTTIGNIES-LOUVAIN-LA-NEUVE'),
(71, 1341, 'Céroux-Mousty'),
(72, 1342, 'Limelette'),
(73, 1348, 'Louvain-La-Neuve'),
(74, 1350, 'Enines'),
(75, 1350, 'Folx-Les-Caves'),
(76, 1350, 'Jandrain-Jandrenouille'),
(77, 1350, 'Jauche'),
(78, 1350, 'Marilles'),
(79, 1350, 'Noduwez'),
(80, 1350, 'ORP-JAUCHE'),
(81, 1350, 'Orp-Le-Grand'),
(82, 1357, 'HÉLÉCINE'),
(83, 1357, 'Linsmeau'),
(84, 1357, 'Neerheylissem'),
(85, 1357, 'Opheylissem'),
(86, 1360, 'Malèves-Sainte-Marie-Wastinnes'),
(87, 1360, 'Orbais'),
(88, 1360, 'PERWEZ'),
(89, 1360, 'Thorembais-Les-Béguines'),
(90, 1360, 'Thorembais-Saint-Trond'),
(91, 1367, 'Autre-Eglise'),
(92, 1367, 'Bomal'),
(93, 1367, 'Geest-Gérompont-Petit-Rosière'),
(94, 1367, 'Gérompont'),
(95, 1367, 'Grand-Rosière-Hottomont'),
(96, 1367, 'Huppaye'),
(97, 1367, 'Mont-Saint-André'),
(98, 1367, 'RAMILLIES'),
(99, 1370, 'Dongelberg'),
(100, 1370, 'Jauchelette'),
(101, 1370, 'JODOIGNE'),
(102, 1370, 'Jodoigne-Souveraine'),
(103, 1370, 'Lathuy'),
(104, 1370, 'Mélin'),
(105, 1370, 'Piétrain'),
(106, 1370, 'Saint-Jean-Geest'),
(107, 1370, 'Saint-Remy-Geest'),
(108, 1370, 'Zétrud-Lumay'),
(109, 1380, 'Couture-Saint-Germain'),
(110, 1380, 'LASNE'),
(111, 1380, 'Lasne-Chapelle-Saint-Lambert'),
(112, 1380, 'Maransart'),
(113, 1380, 'Ohain'),
(114, 1380, 'Plancenoit'),
(115, 1390, 'Archennes'),
(116, 1390, 'Biez'),
(117, 1390, 'Bossut-Gottechain'),
(118, 1390, 'GREZ-DOICEAU'),
(119, 1390, 'Nethen'),
(120, 1400, 'Monstreux'),
(121, 1400, 'NIVELLES'),
(122, 1401, 'Baulers'),
(123, 1402, 'Thines'),
(124, 1404, 'Bornival'),
(125, 1410, 'WATERLOO'),
(126, 1420, 'BRAINE-L\'ALLEUD'),
(127, 1421, 'Ophain-Bois-Seigneur-Isaac'),
(128, 1428, 'Lillois-Witterzée'),
(129, 1430, 'Bierghes'),
(130, 1430, 'Quenast'),
(131, 1430, 'REBECQ'),
(132, 1430, 'Rebecq-Rognon'),
(133, 1435, 'Corbais'),
(134, 1435, 'Hévillers'),
(135, 1435, 'MONT-SAINT-GUIBERT'),
(136, 1440, 'BRAINE-LE-CHÂTEAU'),
(137, 1440, 'Wauthier-Braine'),
(138, 1450, 'CHASTRE'),
(139, 1450, 'Chastre-Villeroux-Blanmont'),
(140, 1450, 'Cortil-Noirmont'),
(141, 1450, 'Gentinnes'),
(142, 1450, 'Saint-Géry'),
(143, 1457, 'Nil-Saint-Vincent-Saint-Martin'),
(144, 1457, 'Tourinnes-Saint-Lambert'),
(145, 1457, 'WALHAIN'),
(146, 1457, 'Walhain-Saint-Paul'),
(147, 1460, 'ITTRE'),
(148, 1460, 'Virginal-Samme'),
(149, 1461, 'Haut-Ittre'),
(150, 1470, 'Baisy-Thy'),
(151, 1470, 'Bousval'),
(152, 1470, 'GENAPPE'),
(153, 1471, 'Loupoigne'),
(154, 1472, 'Vieux-Genappe'),
(155, 1473, 'Glabais'),
(156, 1474, 'Ways'),
(157, 1476, 'Houtain-Le-Val'),
(158, 1480, 'Clabecq'),
(159, 1480, 'Oisquercq'),
(160, 1480, 'Saintes'),
(161, 1480, 'TUBIZE'),
(162, 1490, 'COURT-SAINT-ETIENNE'),
(163, 1495, 'Marbais'),
(164, 1495, 'Mellery'),
(165, 1495, 'Sart-Dames-Avelines'),
(166, 1495, 'Tilly'),
(167, 1495, 'VILLERS-LA-VILLE'),
(168, 1500, 'HALLE'),
(169, 1501, 'Buizingen'),
(170, 1502, 'Lembeek'),
(171, 1540, 'Herfelingen'),
(172, 1540, 'HERNE'),
(173, 1541, 'Sint-Pieters-Kapelle'),
(174, 1547, 'BEVER'),
(175, 1560, 'HOEILAART'),
(176, 1570, 'GALMAARDEN'),
(177, 1570, 'Tollembeek'),
(178, 1570, 'Vollezele'),
(179, 1600, 'Oudenaken'),
(180, 1600, 'Sint-Laureins-Berchem'),
(181, 1600, 'SINT-PIETERS-LEEUW'),
(182, 1601, 'Ruisbroek'),
(183, 1602, 'Vlezenbeek'),
(184, 1620, 'DROGENBOS'),
(185, 1630, 'LINKEBEEK'),
(186, 1640, 'SINT-GENESIUS-RODE'),
(187, 1650, 'BEERSEL'),
(188, 1651, 'Lot'),
(189, 1652, 'Alsemberg'),
(190, 1653, 'Dworp'),
(191, 1654, 'Huizingen'),
(192, 1670, 'Bogaarden'),
(193, 1670, 'Heikruis'),
(194, 1670, 'PEPINGEN'),
(195, 1671, 'Elingen'),
(196, 1673, 'Beert'),
(197, 1674, 'Bellingen'),
(198, 1700, 'DILBEEK'),
(199, 1700, 'Sint-Martens-Bodegem'),
(200, 1700, 'Sint-Ulriks-Kapelle'),
(201, 1701, 'Itterbeek'),
(202, 1702, 'Groot-Bijgaarden'),
(203, 1703, 'Schepdaal'),
(204, 1730, 'ASSE'),
(205, 1730, 'Bekkerzeel'),
(206, 1730, 'Kobbegem'),
(207, 1730, 'Mollem'),
(208, 1731, 'Relegem'),
(209, 1731, 'Zellik'),
(210, 1733, 'HighCo DATA'),
(211, 1740, 'TERNAT'),
(212, 1741, 'Wambeek'),
(213, 1742, 'Sint-Katherina-Lombeek'),
(214, 1745, 'Mazenzele'),
(215, 1745, 'OPWIJK'),
(216, 1750, 'Gaasbeek'),
(217, 1750, 'LENNIK'),
(218, 1750, 'Sint-Kwintens-Lennik'),
(219, 1750, 'Sint-Martens-Lennik'),
(220, 1755, 'GOOIK'),
(221, 1755, 'Kester'),
(222, 1755, 'Leerbeek'),
(223, 1755, 'Oetingen'),
(224, 1760, 'Onze-Lieve-Vrouw-Lombeek'),
(225, 1760, 'Pamel'),
(226, 1760, 'ROOSDAAL'),
(227, 1760, 'Strijtem'),
(228, 1761, 'Borchtlombeek'),
(229, 1770, 'LIEDEKERKE'),
(230, 1780, 'WEMMEL'),
(231, 1785, 'Brussegem'),
(232, 1785, 'Hamme'),
(233, 1785, 'MERCHTEM'),
(234, 1790, 'AFFLIGEM'),
(235, 1790, 'Essene'),
(236, 1790, 'Hekelgem'),
(237, 1790, 'Teralfene'),
(238, 1800, 'Peutie'),
(239, 1800, 'VILVOORDE'),
(240, 1804, 'Cargovil'),
(241, 1818, 'VTM'),
(242, 1820, 'Melsbroek'),
(243, 1820, 'Perk'),
(244, 1820, 'STEENOKKERZEEL'),
(245, 1830, 'MACHELEN'),
(246, 1831, 'Diegem'),
(247, 1840, 'LONDERZEEL'),
(248, 1840, 'Malderen'),
(249, 1840, 'Steenhuffel'),
(250, 1850, 'GRIMBERGEN'),
(251, 1851, 'Humbeek'),
(252, 1852, 'Beigem'),
(253, 1853, 'Strombeek-Bever'),
(254, 1860, 'MEISE'),
(255, 1861, 'Wolvertem'),
(256, 1880, 'KAPELLE-OP-DEN-BOS'),
(257, 1880, 'Nieuwenrode'),
(258, 1880, 'Ramsdonk'),
(259, 1910, 'Berg'),
(260, 1910, 'Buken'),
(261, 1910, 'KAMPENHOUT'),
(262, 1910, 'Nederokkerzeel'),
(263, 1930, 'Nossegem'),
(264, 1930, 'ZAVENTEM'),
(265, 1931, 'Brucargo'),
(266, 1932, 'Sint-Stevens-Woluwe'),
(267, 1933, 'Sterrebeek'),
(268, 1934, 'Office Exchange Brussels Airport Remailing'),
(269, 1935, 'Corporate Village'),
(270, 1950, 'KRAAINEM'),
(271, 1970, 'WEZEMBEEK-OPPEM'),
(272, 1980, 'Eppegem'),
(273, 1980, 'ZEMST'),
(274, 1981, 'Hofstade'),
(275, 1982, 'Elewijt'),
(276, 1982, 'Weerde'),
(277, 2000, 'ANTWERPEN'),
(278, 2018, 'ANTWERPEN'),
(279, 2020, 'ANTWERPEN'),
(280, 2030, 'ANTWERPEN'),
(281, 2040, 'ANTWERPEN'),
(282, 2040, 'Berendrecht'),
(283, 2040, 'Lillo'),
(284, 2040, 'Zandvliet'),
(285, 2050, 'ANTWERPEN'),
(286, 2060, 'ANTWERPEN'),
(287, 2070, 'Burcht'),
(288, 2070, 'ZWIJNDRECHT'),
(289, 2099, 'Antwerpen X'),
(290, 2100, 'Deurne'),
(291, 2110, 'WIJNEGEM'),
(292, 2140, 'Borgerhout'),
(293, 2150, 'BORSBEEK'),
(294, 2160, 'WOMMELGEM'),
(295, 2170, 'Merksem'),
(296, 2180, 'Ekeren'),
(297, 2200, 'HERENTALS'),
(298, 2200, 'Morkhoven'),
(299, 2200, 'Noorderwijk'),
(300, 2220, 'Hallaar'),
(301, 2220, 'HEIST-OP-DEN-BERG'),
(302, 2221, 'Booischot'),
(303, 2222, 'Itegem'),
(304, 2222, 'Wiekevorst'),
(305, 2223, 'Schriek'),
(306, 2230, 'HERSELT'),
(307, 2230, 'Ramsel'),
(308, 2235, 'Houtvenne'),
(309, 2235, 'HULSHOUT'),
(310, 2235, 'Westmeerbeek'),
(311, 2240, 'Massenhoven'),
(312, 2240, 'Viersel'),
(313, 2240, 'ZANDHOVEN'),
(314, 2242, 'Pulderbos'),
(315, 2243, 'Pulle'),
(316, 2250, 'OLEN'),
(317, 2260, 'Oevel'),
(318, 2260, 'Tongerlo'),
(319, 2260, 'WESTERLO'),
(320, 2260, 'Zoerle-Parwijs'),
(321, 2270, 'HERENTHOUT'),
(322, 2275, 'Gierle'),
(323, 2275, 'LILLE'),
(324, 2275, 'Poederlee'),
(325, 2275, 'Wechelderzande'),
(326, 2280, 'GROBBENDONK'),
(327, 2288, 'Bouwel'),
(328, 2290, 'VORSELAAR'),
(329, 2300, 'TURNHOUT'),
(330, 2310, 'RIJKEVORSEL'),
(331, 2320, 'HOOGSTRATEN'),
(332, 2321, 'Meer'),
(333, 2322, 'Minderhout'),
(334, 2323, 'Wortel'),
(335, 2328, 'Meerle'),
(336, 2330, 'MERKSPLAS'),
(337, 2340, 'BEERSE'),
(338, 2340, 'Vlimmeren'),
(339, 2350, 'VOSSELAAR'),
(340, 2360, 'OUD-TURNHOUT'),
(341, 2370, 'ARENDONK'),
(342, 2380, 'RAVELS'),
(343, 2381, 'Weelde'),
(344, 2382, 'Poppel'),
(345, 2387, 'BAARLE-HERTOG'),
(346, 2390, 'MALLE'),
(347, 2390, 'Oostmalle'),
(348, 2390, 'Westmalle'),
(349, 2400, 'MOL'),
(350, 2430, 'Eindhout'),
(351, 2430, 'LAAKDAL'),
(352, 2430, 'Vorst'),
(353, 2431, 'Varendonk'),
(354, 2431, 'Veerle'),
(355, 2440, 'GEEL'),
(356, 2450, 'MEERHOUT'),
(357, 2460, 'KASTERLEE'),
(358, 2460, 'Lichtaart'),
(359, 2460, 'Tielen'),
(360, 2470, 'RETIE'),
(361, 2480, 'DESSEL'),
(362, 2490, 'BALEN'),
(363, 2491, 'Olmen'),
(364, 2500, 'Koningshooikt'),
(365, 2500, 'LIER'),
(366, 2520, 'Broechem'),
(367, 2520, 'Emblem'),
(368, 2520, 'Oelegem'),
(369, 2520, 'RANST'),
(370, 2530, 'BOECHOUT'),
(371, 2531, 'Vremde'),
(372, 2540, 'HOVE'),
(373, 2547, 'LINT'),
(374, 2550, 'KONTICH'),
(375, 2550, 'Waarloos'),
(376, 2560, 'Bevel'),
(377, 2560, 'Kessel'),
(378, 2560, 'NIJLEN'),
(379, 2570, 'DUFFEL'),
(380, 2580, 'Beerzel'),
(381, 2580, 'PUTTE'),
(382, 2590, 'BERLAAR'),
(383, 2590, 'Gestel'),
(384, 2600, 'Berchem'),
(385, 2610, 'Wilrijk'),
(386, 2620, 'HEMIKSEM'),
(387, 2627, 'SCHELLE'),
(388, 2630, 'AARTSELAAR'),
(389, 2640, 'MORTSEL'),
(390, 2650, 'EDEGEM'),
(391, 2660, 'Hoboken'),
(392, 2800, 'MECHELEN'),
(393, 2800, 'Walem'),
(394, 2801, 'Heffen'),
(395, 2811, 'Hombeek'),
(396, 2811, 'Leest'),
(397, 2812, 'Muizen'),
(398, 2820, 'BONHEIDEN'),
(399, 2820, 'Rijmenam'),
(400, 2830, 'Blaasveld'),
(401, 2830, 'Heindonk'),
(402, 2830, 'Tisselt'),
(403, 2830, 'WILLEBROEK'),
(404, 2840, 'Reet'),
(405, 2840, 'RUMST'),
(406, 2840, 'Terhagen'),
(407, 2845, 'NIEL'),
(408, 2850, 'BOOM'),
(409, 2860, 'SINT-KATELIJNE-WAVER'),
(410, 2861, 'Onze-Lieve-Vrouw-Waver'),
(411, 2870, 'Breendonk'),
(412, 2870, 'Liezele'),
(413, 2870, 'Puurs'),
(414, 2870, 'PUURS-SINT-AMANDS'),
(415, 2870, 'Ruisbroek'),
(416, 2880, 'BORNEM'),
(417, 2880, 'Hingene'),
(418, 2880, 'Mariekerke'),
(419, 2880, 'Weert'),
(420, 2890, 'Lippelo'),
(421, 2890, 'Oppuurs'),
(422, 2890, 'Sint-Amands'),
(423, 2900, 'SCHOTEN'),
(424, 2910, 'ESSEN'),
(425, 2920, 'KALMTHOUT'),
(426, 2930, 'BRASSCHAAT'),
(427, 2940, 'Hoevenen'),
(428, 2940, 'STABROEK'),
(429, 2950, 'KAPELLEN'),
(430, 2960, 'BRECHT'),
(431, 2960, 'Sint-Job-In-\'T-Goor'),
(432, 2960, 'Sint-Lenaarts'),
(433, 3700, 'Berg'),
(434, 3700, 'Diets-Heur'),
(435, 3700, 'Haren'),
(436, 3700, 'Henis'),
(437, 3700, 'Kolmont'),
(438, 3700, 'Koninksem'),
(439, 3700, 'Lauw'),
(440, 3700, 'Mal'),
(441, 3700, 'Neerrepen'),
(442, 3700, 'Nerem'),
(443, 3700, 'Overrepen'),
(444, 3700, 'Piringen'),
(445, 3700, 'Riksingen'),
(446, 3700, 'Rutten'),
(447, 3700, 'Sluizen'),
(448, 3700, 'TONGEREN'),
(449, 3700, 'Vreren'),
(450, 3700, 'Widooie'),
(451, 3717, 'HERSTAPPE'),
(452, 3720, 'KORTESSEM'),
(453, 3721, 'Vliermaalroot'),
(454, 3722, 'Wintershoven'),
(455, 3723, 'Guigoven'),
(456, 3724, 'Vliermaal'),
(457, 3730, 'HOESELT'),
(458, 3730, 'Romershoven'),
(459, 3730, 'Sint-Huibrechts-Hern'),
(460, 3730, 'Werm'),
(461, 3732, 'Schalkhoven'),
(462, 3740, 'Beverst'),
(463, 3740, 'BILZEN'),
(464, 3740, 'Eigenbilzen'),
(465, 3740, 'Grote-Spouwen'),
(466, 3740, 'Hees'),
(467, 3740, 'Kleine-Spouwen'),
(468, 3740, 'Mopertingen'),
(469, 3740, 'Munsterbilzen'),
(470, 3740, 'Rijkhoven'),
(471, 3740, 'Rosmeer'),
(472, 3740, 'Waltwilder'),
(473, 3742, 'Martenslinde'),
(474, 3746, 'Hoelbeek'),
(475, 3770, 'Genoelselderen'),
(476, 3770, 'Herderen'),
(477, 3770, 'Kanne'),
(478, 3770, 'Membruggen'),
(479, 3770, 'Millen'),
(480, 3770, 'RIEMST'),
(481, 3770, 'Val-Meer'),
(482, 3770, 'Vlijtingen'),
(483, 3770, 'Vroenhoven'),
(484, 3770, 'Zichen-Zussen-Bolder'),
(485, 3790, 'Moelingen'),
(486, 3790, 'Sint-Martens-Voeren'),
(487, 3790, 'VOEREN'),
(488, 3791, 'Remersdaal'),
(489, 3792, 'Sint-Pieters-Voeren'),
(490, 3793, 'Teuven'),
(491, 3798, 'S Gravenvoeren'),
(492, 3800, 'Aalst'),
(493, 3800, 'Brustem'),
(494, 3800, 'Engelmanshoven'),
(495, 3800, 'Gelinden'),
(496, 3800, 'Groot-Gelmen'),
(497, 3800, 'Halmaal'),
(498, 3800, 'Kerkom-Bij-Sint-Truiden'),
(499, 3800, 'Ordingen'),
(500, 3800, 'SINT-TRUIDEN'),
(501, 3800, 'Zepperen'),
(502, 3803, 'Duras'),
(503, 3803, 'Gorsem'),
(504, 3803, 'Runkelen'),
(505, 3803, 'Wilderen'),
(506, 3806, 'Velm'),
(507, 3830, 'Berlingen'),
(508, 3830, 'WELLEN'),
(509, 3831, 'Herten'),
(510, 3832, 'Ulbeek'),
(511, 3840, 'Bommershoven'),
(512, 3840, 'BORGLOON'),
(513, 3840, 'Broekom'),
(514, 3840, 'Gors-Opleeuw'),
(515, 3840, 'Gotem'),
(516, 3840, 'Groot-Loon'),
(517, 3840, 'Haren'),
(518, 3840, 'Hendrieken'),
(519, 3840, 'Hoepertingen'),
(520, 3840, 'Jesseren'),
(521, 3840, 'Kerniel'),
(522, 3840, 'Kolmont'),
(523, 3840, 'Kuttekoven'),
(524, 3840, 'Rijkel'),
(525, 3840, 'Voort'),
(526, 3850, 'Binderveld'),
(527, 3850, 'Kozen'),
(528, 3850, 'NIEUWERKERKEN'),
(529, 3850, 'Wijer'),
(530, 3870, 'Batsheers'),
(531, 3870, 'Bovelingen'),
(532, 3870, 'Gutshoven'),
(533, 3870, 'HEERS'),
(534, 3870, 'Heks'),
(535, 3870, 'Horpmaal'),
(536, 3870, 'Klein-Gelmen'),
(537, 3870, 'Mechelen-Bovelingen'),
(538, 3870, 'Mettekoven'),
(539, 3870, 'Opheers'),
(540, 3870, 'Rukkelingen-Loon'),
(541, 3870, 'Vechmaal'),
(542, 3870, 'Veulen'),
(543, 3890, 'Boekhout'),
(544, 3890, 'GINGELOM'),
(545, 3890, 'Jeuk'),
(546, 3890, 'Kortijs'),
(547, 3890, 'Montenaken'),
(548, 3890, 'Niel-Bij-Sint-Truiden'),
(549, 3890, 'Vorsen'),
(550, 3891, 'Borlo'),
(551, 3891, 'Buvingen'),
(552, 3891, 'Mielen-Boven-Aalst'),
(553, 3891, 'Muizen'),
(554, 3900, 'Overpelt'),
(555, 3900, 'PELT'),
(556, 3910, 'Neerpelt'),
(557, 3910, 'Sint-Huibrechts-Lille'),
(558, 3920, 'LOMMEL'),
(559, 3930, 'Achel'),
(560, 3930, 'Hamont'),
(561, 3930, 'HAMONT-ACHEL'),
(562, 3940, 'Hechtel'),
(563, 3940, 'HECHTEL-EKSEL'),
(564, 3941, 'Eksel'),
(565, 3945, 'HAM'),
(566, 3945, 'Kwaadmechelen'),
(567, 3945, 'Oostham'),
(568, 3950, 'BOCHOLT'),
(569, 3950, 'Kaulille'),
(570, 3950, 'Reppel'),
(571, 3960, 'Beek'),
(572, 3960, 'BREE'),
(573, 3960, 'Gerdingen'),
(574, 3960, 'Opitter'),
(575, 3960, 'Tongerlo'),
(576, 3970, 'LEOPOLDSBURG'),
(577, 3971, 'Heppen'),
(578, 3980, 'TESSENDERLO'),
(579, 3990, 'Grote-Brogel'),
(580, 3990, 'Kleine-Brogel'),
(581, 3990, 'PEER'),
(582, 3990, 'Wijchmaal'),
(583, 4000, 'Glain'),
(584, 4000, 'LIÈGE'),
(585, 4000, 'Rocourt'),
(586, 4020, 'Bressoux'),
(587, 4020, 'Jupille-Sur-Meuse'),
(588, 4020, 'LIÈGE'),
(589, 4020, 'Wandre'),
(590, 4030, 'Grivegnée'),
(591, 4031, 'Angleur'),
(592, 4032, 'Chênée'),
(593, 4040, 'HERSTAL'),
(594, 4041, 'Milmort'),
(595, 4041, 'Vottem'),
(596, 4042, 'Liers'),
(597, 4050, 'CHAUDFONTAINE'),
(598, 4051, 'Vaux-Sous-Chèvremont'),
(599, 4052, 'Beaufays'),
(600, 4053, 'Embourg'),
(601, 4099, 'Liège X'),
(602, 4100, 'Boncelles'),
(603, 4100, 'SERAING'),
(604, 4101, 'Jemeppe-Sur-Meuse'),
(605, 4102, 'Ougrée'),
(606, 4120, 'Ehein'),
(607, 4120, 'NEUPRÉ'),
(608, 4120, 'Rotheux-Rimière'),
(609, 4121, 'Neuville-En-Condroz'),
(610, 4122, 'Plainevaux'),
(611, 4130, 'ESNEUX'),
(612, 4130, 'Tilff'),
(613, 4140, 'Dolembreux'),
(614, 4140, 'Gomzé-Andoumont'),
(615, 4140, 'Rouvreux'),
(616, 4140, 'SPRIMONT'),
(617, 4141, 'Louveigné'),
(618, 4160, 'ANTHISNES'),
(619, 4161, 'Villers-Aux-Tours'),
(620, 4162, 'Hody'),
(621, 4163, 'Tavier'),
(622, 4170, 'COMBLAIN-AU-PONT'),
(623, 4171, 'Poulseur'),
(624, 4180, 'Comblain-Fairon'),
(625, 4180, 'Comblain-La-Tour'),
(626, 4180, 'HAMOIR'),
(627, 4181, 'Filot'),
(628, 4190, 'FERRIÈRES'),
(629, 4190, 'My'),
(630, 4190, 'Vieuxville'),
(631, 4190, 'Werbomont'),
(632, 4190, 'Xhoris'),
(633, 4210, 'BURDINNE'),
(634, 4210, 'Hannêche'),
(635, 4210, 'Lamontzée'),
(636, 4210, 'Marneffe'),
(637, 4210, 'Oteppe'),
(638, 4217, 'HÉRON'),
(639, 4217, 'Lavoir'),
(640, 4217, 'Waret-L\'Evêque'),
(641, 4218, 'Couthuin'),
(642, 4219, 'Acosse'),
(643, 4219, 'Ambresin'),
(644, 4219, 'Meeffe'),
(645, 4219, 'WASSEIGES'),
(646, 4250, 'Boëlhe'),
(647, 4250, 'GEER'),
(648, 4250, 'Hollogne-Sur-Geer'),
(649, 4250, 'Lens-Saint-Servais'),
(650, 4252, 'Omal'),
(651, 4253, 'Darion'),
(652, 4254, 'Ligney'),
(653, 4257, 'BERLOZ'),
(654, 4257, 'Corswarem'),
(655, 4257, 'Rosoux-Crenwick'),
(656, 4260, 'Avennes'),
(657, 4260, 'BRAIVES'),
(658, 4260, 'Ciplet'),
(659, 4260, 'Fallais'),
(660, 4260, 'Fumal'),
(661, 4260, 'Ville-En-Hesbaye'),
(662, 4261, 'Latinne'),
(663, 4263, 'Tourinne'),
(664, 4280, 'Abolens'),
(665, 4280, 'Avernas-Le-Bauduin'),
(666, 4280, 'Avin'),
(667, 4280, 'Bertrée'),
(668, 4280, 'Blehen'),
(669, 4280, 'Cras-Avernas'),
(670, 4280, 'Crehen'),
(671, 4280, 'Grand-Hallet'),
(672, 4280, 'HANNUT'),
(673, 4280, 'Lens-Saint-Remy'),
(674, 4280, 'Merdorp'),
(675, 4280, 'Moxhe'),
(676, 4280, 'Petit-Hallet'),
(677, 4280, 'Poucet'),
(678, 4280, 'Thisnes'),
(679, 4280, 'Trognée'),
(680, 4280, 'Villers-Le-Peuplier'),
(681, 4280, 'Wansin'),
(682, 4287, 'LINCENT'),
(683, 4287, 'Pellaines'),
(684, 4287, 'Racour'),
(685, 4300, 'Bettincourt'),
(686, 4300, 'Bleret'),
(687, 4300, 'Bovenistier'),
(688, 4300, 'Grand-Axhe'),
(689, 4300, 'Lantremange'),
(690, 4300, 'Oleye'),
(691, 4300, 'WAREMME'),
(692, 4317, 'Aineffe'),
(693, 4317, 'Borlez'),
(694, 4317, 'Celles'),
(695, 4317, 'FAIMES'),
(696, 4317, 'Les Waleffes'),
(697, 4317, 'Viemme'),
(698, 4340, 'AWANS'),
(699, 4340, 'Fooz'),
(700, 4340, 'Othée'),
(701, 4340, 'Villers-L\'Evêque'),
(702, 4342, 'Hognoul'),
(703, 4347, 'FEXHE-LE-HAUT-CLOCHER'),
(704, 4347, 'Freloux'),
(705, 4347, 'Noville'),
(706, 4347, 'Roloux'),
(707, 4347, 'Voroux-Goreux'),
(708, 4350, 'Lamine'),
(709, 4350, 'Momalle'),
(710, 4350, 'Pousset'),
(711, 4350, 'REMICOURT'),
(712, 4351, 'Hodeige'),
(713, 4357, 'DONCEEL'),
(714, 4357, 'Haneffe'),
(715, 4357, 'Jeneffe'),
(716, 4357, 'Limont'),
(717, 4360, 'Bergilers'),
(718, 4360, 'Grandville'),
(719, 4360, 'Lens-Sur-Geer'),
(720, 4360, 'OREYE'),
(721, 4360, 'Otrange'),
(722, 4367, 'CRISNÉE'),
(723, 4367, 'Fize-Le-Marsal'),
(724, 4367, 'Kemexhe'),
(725, 4367, 'Odeur'),
(726, 4367, 'Thys'),
(727, 4400, 'Awirs'),
(728, 4400, 'Chokier'),
(729, 4400, 'FLÉMALLE'),
(730, 4400, 'Flémalle-Grande'),
(731, 4400, 'Flémalle-Haute'),
(732, 4400, 'Gleixhe'),
(733, 4400, 'Ivoz-Ramet'),
(734, 4400, 'Mons-Lez-Liège'),
(735, 4420, 'Montegnée'),
(736, 4420, 'SAINT-NICOLAS'),
(737, 4420, 'Tilleur'),
(738, 4430, 'ANS'),
(739, 4431, 'Loncin'),
(740, 4432, 'Alleur'),
(741, 4432, 'Xhendremael'),
(742, 4450, 'JUPRELLE'),
(743, 4450, 'Lantin'),
(744, 4450, 'Slins'),
(745, 4451, 'Voroux-Lez-Liers'),
(746, 4452, 'Paifve'),
(747, 4452, 'Wihogne'),
(748, 4453, 'Villers-Saint-Siméon'),
(749, 4458, 'Fexhe-Slins'),
(750, 4460, 'Bierset'),
(751, 4460, 'Grâce-Berleur'),
(752, 4460, 'GRÂCE-HOLLOGNE'),
(753, 4460, 'Hollogne-Aux-Pierres'),
(754, 4460, 'Horion-Hozémont'),
(755, 4460, 'Velroux'),
(756, 4470, 'SAINT-GEORGES-SUR-MEUSE'),
(757, 4480, 'Clermont-Sous-Huy'),
(758, 4480, 'Ehein'),
(759, 4480, 'ENGIS'),
(760, 4480, 'Hermalle-Sous-Huy'),
(761, 4500, 'Ben-Ahin'),
(762, 4500, 'HUY'),
(763, 4500, 'Tihange'),
(764, 4520, 'Antheit'),
(765, 4520, 'Bas-Oha'),
(766, 4520, 'Huccorgne'),
(767, 4520, 'Moha'),
(768, 4520, 'Vinalmont'),
(769, 4520, 'WANZE'),
(770, 4530, 'Fize-Fontaine'),
(771, 4530, 'Vaux-Et-Borset'),
(772, 4530, 'Vieux-Waleffe'),
(773, 4530, 'VILLERS-LE-BOUILLET'),
(774, 4530, 'Warnant-Dreye'),
(775, 4537, 'Bodegnée'),
(776, 4537, 'Chapon-Seraing'),
(777, 4537, 'Seraing-Le-Château'),
(778, 4537, 'VERLAINE'),
(779, 4540, 'AMAY'),
(780, 4540, 'Ampsin'),
(781, 4540, 'Flône'),
(782, 4540, 'Jehay'),
(783, 4540, 'Ombret'),
(784, 4550, 'NANDRIN'),
(785, 4550, 'Saint-Séverin'),
(786, 4550, 'Villers-Le-Temple'),
(787, 4550, 'Yernée-Fraineux'),
(788, 4557, 'Abée'),
(789, 4557, 'Fraiture'),
(790, 4557, 'Ramelot'),
(791, 4557, 'Seny'),
(792, 4557, 'Soheit-Tinlot'),
(793, 4557, 'TINLOT'),
(794, 4560, 'Bois-Et-Borsu'),
(795, 4560, 'CLAVIER'),
(796, 4560, 'Les Avins'),
(797, 4560, 'Ocquier'),
(798, 4560, 'Pailhe'),
(799, 4560, 'Terwagne'),
(800, 4570, 'MARCHIN'),
(801, 4570, 'Vyle-Et-Tharoul'),
(802, 4577, 'MODAVE'),
(803, 4577, 'Outrelouxhe'),
(804, 4577, 'Strée-Lez-Huy'),
(805, 4577, 'Vierset-Barse'),
(806, 4590, 'Ellemelle'),
(807, 4590, 'OUFFET'),
(808, 4590, 'Warzée'),
(809, 4600, 'Lanaye'),
(810, 4600, 'Lixhe'),
(811, 4600, 'Richelle'),
(812, 4600, 'VISÉ'),
(813, 4601, 'Argenteau'),
(814, 4602, 'Cheratte'),
(815, 4606, 'Saint-André'),
(816, 4607, 'Berneau'),
(817, 4607, 'Bombaye'),
(818, 4607, 'DALHEM'),
(819, 4607, 'Feneur'),
(820, 4607, 'Mortroux'),
(821, 4608, 'Neufchâteau'),
(822, 4608, 'Warsage'),
(823, 4610, 'Bellaire'),
(824, 4610, 'BEYNE-HEUSAY'),
(825, 4610, 'Queue-Du-Bois'),
(826, 4620, 'FLÉRON'),
(827, 4621, 'Retinne'),
(828, 4623, 'Magnée'),
(829, 4624, 'Romsée'),
(830, 4630, 'Ayeneux'),
(831, 4630, 'Micheroux'),
(832, 4630, 'SOUMAGNE'),
(833, 4630, 'Tignée'),
(834, 4631, 'Evegnée'),
(835, 4632, 'Cérexhe-Heuseux'),
(836, 4633, 'Melen'),
(837, 4650, 'Chaineux'),
(838, 4650, 'Grand-Rechain'),
(839, 4650, 'HERVE'),
(840, 4650, 'Julémont'),
(841, 4651, 'Battice'),
(842, 4652, 'Xhendelesse'),
(843, 4653, 'Bolland'),
(844, 4654, 'Charneux'),
(845, 4670, 'BLÉGNY'),
(846, 4670, 'Mortier'),
(847, 4670, 'Trembleur'),
(848, 4671, 'Barchon'),
(849, 4671, 'Housse'),
(850, 4671, 'Saive'),
(851, 4672, 'Saint-Remy'),
(852, 4680, 'Hermée'),
(853, 4680, 'OUPEYE'),
(854, 4681, 'Hermalle-Sous-Argenteau'),
(855, 4682, 'Heure-Le-Romain'),
(856, 4682, 'Houtain-Saint-Siméon'),
(857, 4683, 'Vivegnis'),
(858, 4684, 'Haccourt'),
(859, 4690, 'BASSENGE'),
(860, 4690, 'Boirs'),
(861, 4690, 'Eben-Emael'),
(862, 4690, 'Glons'),
(863, 4690, 'Roclenge-Sur-Geer'),
(864, 4690, 'Wonck'),
(865, 4700, 'EUPEN'),
(866, 4701, 'Kettenis'),
(867, 4710, 'LONTZEN'),
(868, 4711, 'Walhorn'),
(869, 4720, 'KELMIS'),
(870, 4721, 'Neu-Moresnet'),
(871, 4728, 'Hergenrath'),
(872, 4730, 'Hauset'),
(873, 4730, 'RAEREN'),
(874, 4731, 'Eynatten'),
(875, 4750, 'BUTGENBACH'),
(876, 4750, 'Elsenborn'),
(877, 4760, 'BÜLLINGEN'),
(878, 4760, 'Manderfeld'),
(879, 4761, 'Rocherath'),
(880, 4770, 'AMEL'),
(881, 4770, 'Meyerode'),
(882, 4771, 'Heppenbach'),
(883, 4780, 'Recht'),
(884, 4780, 'SANKT-VITH'),
(885, 4782, 'Schönberg'),
(886, 4783, 'Lommersweiler'),
(887, 4784, 'Crombach'),
(888, 4790, 'BURG-REULAND'),
(889, 4790, 'Reuland'),
(890, 4791, 'Thommen'),
(891, 4800, 'Ensival'),
(892, 4800, 'Lambermont'),
(893, 4800, 'Petit-Rechain'),
(894, 4800, 'Polleur'),
(895, 4800, 'VERVIERS'),
(896, 4801, 'Stembert'),
(897, 4802, 'Heusy'),
(898, 4820, 'DISON'),
(899, 4821, 'Andrimont'),
(900, 4830, 'LIMBOURG'),
(901, 4831, 'Bilstain'),
(902, 4834, 'Goé'),
(903, 4837, 'BAELEN'),
(904, 4837, 'Membach'),
(905, 4840, 'WELKENRAEDT'),
(906, 4841, 'Henri-Chapelle'),
(907, 4845, 'JALHAY'),
(908, 4845, 'Sart-Lez-Spa'),
(909, 4850, 'Montzen'),
(910, 4850, 'Moresnet'),
(911, 4850, 'PLOMBIÈRES'),
(912, 4851, 'Gemmenich'),
(913, 4851, 'Sippenaeken'),
(914, 4852, 'Hombourg'),
(915, 4860, 'Cornesse'),
(916, 4860, 'PEPINSTER'),
(917, 4860, 'Wegnez'),
(918, 4861, 'Soiron'),
(919, 4870, 'Forêt'),
(920, 4870, 'Fraipont'),
(921, 4870, 'Nessonvaux'),
(922, 4870, 'TROOZ'),
(923, 4877, 'OLNE'),
(924, 4880, 'AUBEL'),
(925, 4890, 'Clermont'),
(926, 4890, 'Thimister'),
(927, 4890, 'THIMISTER-CLERMONT'),
(928, 4900, 'SPA'),
(929, 4910, 'La Reid'),
(930, 4910, 'Polleur'),
(931, 4910, 'THEUX'),
(932, 4920, 'AYWAILLE'),
(933, 4920, 'Ernonheid'),
(934, 4920, 'Harzé'),
(935, 4920, 'Louveigné'),
(936, 4920, 'Sougné-Remouchamps'),
(937, 4950, 'Faymonville'),
(938, 4950, 'Robertville'),
(939, 4950, 'Sourbrodt'),
(940, 4950, 'WEISMES'),
(941, 4960, 'Bellevaux-Ligneuville'),
(942, 4960, 'Bevercé'),
(943, 4960, 'MALMEDY'),
(944, 4970, 'Francorchamps'),
(945, 4970, 'STAVELOT'),
(946, 4980, 'Fosse'),
(947, 4980, 'TROIS-PONTS'),
(948, 4980, 'Wanne'),
(949, 4983, 'Basse-Bodeux'),
(950, 4987, 'Chevron'),
(951, 4987, 'La Gleize'),
(952, 4987, 'Lorcé'),
(953, 4987, 'Rahier'),
(954, 4987, 'STOUMONT'),
(955, 4990, 'Arbrefontaine'),
(956, 4990, 'Bra'),
(957, 4990, 'LIERNEUX'),
(958, 5000, 'Beez'),
(959, 5000, 'NAMUR'),
(960, 5001, 'Belgrade'),
(961, 5002, 'Saint-Servais'),
(962, 5003, 'Saint-Marc'),
(963, 5004, 'Bouge'),
(964, 5010, 'SA SudPresse'),
(965, 5012, 'Parlement Wallon'),
(966, 5020, 'Champion'),
(967, 5020, 'Daussoulx'),
(968, 5020, 'Flawinne'),
(969, 5020, 'Malonne'),
(970, 5020, 'Suarlée'),
(971, 5020, 'Temploux'),
(972, 5020, 'Vedrin'),
(973, 5021, 'Boninne'),
(974, 5022, 'Cognelée'),
(975, 5024, 'Gelbressée'),
(976, 5024, 'Marche-Les-Dames'),
(977, 5030, 'Beuzet'),
(978, 5030, 'Ernage'),
(979, 5030, 'GEMBLOUX'),
(980, 5030, 'Grand-Manil'),
(981, 5030, 'Lonzée'),
(982, 5030, 'Sauvenière'),
(983, 5031, 'Grand-Leez'),
(984, 5032, 'Bossière'),
(985, 5032, 'Bothey'),
(986, 5032, 'Corroy-Le-Château'),
(987, 5032, 'Isnes'),
(988, 5032, 'Mazy'),
(989, 5060, 'Arsimont'),
(990, 5060, 'Auvelais'),
(991, 5060, 'Falisolle'),
(992, 5060, 'Keumiée'),
(993, 5060, 'Moignelée'),
(994, 5060, 'SAMBREVILLE'),
(995, 5060, 'Tamines'),
(996, 5060, 'Velaine-Sur-Sambre'),
(997, 5070, 'Aisemont'),
(998, 5070, 'FOSSES-LA-VILLE'),
(999, 5070, 'Le Roux'),
(1000, 5070, 'Sart-Eustache'),
(1001, 5070, 'Sart-Saint-Laurent'),
(1002, 5070, 'Vitrival'),
(1003, 5080, 'Emines'),
(1004, 5080, 'LA BRUYÈRE'),
(1005, 5080, 'Rhisnes'),
(1006, 5080, 'Villers-Lez-Heest'),
(1007, 5080, 'Warisoulx'),
(1008, 5081, 'Bovesse'),
(1009, 5081, 'Meux'),
(1010, 5081, 'Saint-Denis-Bovesse'),
(1011, 5100, 'Dave'),
(1012, 5100, 'Jambes'),
(1013, 5100, 'Naninne'),
(1014, 5100, 'Wépion'),
(1015, 5100, 'Wierde'),
(1016, 5101, 'Erpent'),
(1017, 5101, 'Lives-Sur-Meuse'),
(1018, 5101, 'Loyers'),
(1019, 5140, 'Boignée'),
(1020, 5140, 'Ligny'),
(1021, 5140, 'SOMBREFFE'),
(1022, 5140, 'Tongrinne'),
(1023, 5150, 'FLOREFFE'),
(1024, 5150, 'Floriffoux'),
(1025, 5150, 'Franière'),
(1026, 5150, 'Soye'),
(1027, 5170, 'Arbre'),
(1028, 5170, 'Bois-De-Villers'),
(1029, 5170, 'Lesve'),
(1030, 5170, 'Lustin'),
(1031, 5170, 'PROFONDEVILLE'),
(1032, 5170, 'Rivière'),
(1033, 5190, 'Balâtre'),
(1034, 5190, 'Ham-Sur-Sambre'),
(1035, 5190, 'JEMEPPE-SUR-SAMBRE'),
(1036, 5190, 'Mornimont'),
(1037, 5190, 'Moustier-Sur-Sambre'),
(1038, 5190, 'Onoz'),
(1039, 5190, 'Saint-Martin'),
(1040, 5190, 'Spy'),
(1041, 5300, 'ANDENNE'),
(1042, 5300, 'Bonneville'),
(1043, 5300, 'Coutisse'),
(1044, 5300, 'Landenne'),
(1045, 5300, 'Maizeret'),
(1046, 5300, 'Namêche'),
(1047, 5300, 'Sclayn'),
(1048, 5300, 'Seilles'),
(1049, 5300, 'Thon'),
(1050, 5300, 'Vezin'),
(1051, 5310, 'Aische-En-Refail'),
(1052, 5310, 'Bolinne'),
(1053, 5310, 'Boneffe'),
(1054, 5310, 'Branchon'),
(1055, 5310, 'Dhuy'),
(1056, 5310, 'EGHEZÉE'),
(1057, 5310, 'Hanret'),
(1058, 5310, 'Leuze'),
(1059, 5310, 'Liernu'),
(1060, 5310, 'Longchamps'),
(1061, 5310, 'Mehaigne'),
(1062, 5310, 'Noville-Sur-Mehaigne'),
(1063, 5310, 'Saint-Germain'),
(1064, 5310, 'Taviers'),
(1065, 5310, 'Upigny'),
(1066, 5310, 'Waret-La-Chaussée'),
(1067, 5330, 'ASSESSE'),
(1068, 5330, 'Maillen'),
(1069, 5330, 'Sart-Bernard'),
(1070, 5332, 'Crupet'),
(1071, 5333, 'Sorinne-La-Longue'),
(1072, 5334, 'Florée'),
(1073, 5336, 'Courrière'),
(1074, 5340, 'Faulx-Les-Tombes'),
(1075, 5340, 'GESVES'),
(1076, 5340, 'Haltinne'),
(1077, 5340, 'Mozet'),
(1078, 5340, 'Sorée'),
(1079, 5350, 'Evelette'),
(1080, 5350, 'OHEY'),
(1081, 5351, 'Haillot'),
(1082, 5352, 'Perwez-Haillot'),
(1083, 5353, 'Goesnes'),
(1084, 5354, 'Jallet'),
(1085, 5360, 'HAMOIS'),
(1086, 5360, 'Natoye'),
(1087, 5361, 'Mohiville'),
(1088, 5361, 'Scy'),
(1089, 5362, 'Achet'),
(1090, 5363, 'Emptinne'),
(1091, 5364, 'Schaltin'),
(1092, 5370, 'Barvaux-Condroz'),
(1093, 5370, 'Flostoy'),
(1094, 5370, 'HAVELANGE'),
(1095, 5370, 'Jeneffe'),
(1096, 5370, 'Porcheresse'),
(1097, 5370, 'Verlée'),
(1098, 5372, 'Méan'),
(1099, 5374, 'Maffe'),
(1100, 5376, 'Miécret'),
(1101, 5377, 'Baillonville'),
(1102, 5377, 'Bonsin'),
(1103, 5377, 'Heure'),
(1104, 5377, 'Hogne'),
(1105, 5377, 'Nettinne'),
(1106, 5377, 'Noiseux'),
(1107, 5377, 'Sinsin'),
(1108, 5377, 'SOMME-LEUZE'),
(1109, 5377, 'Waillet'),
(1110, 5380, 'Bierwart'),
(1111, 5380, 'Cortil-Wodon'),
(1112, 5380, 'FERNELMONT'),
(1113, 5380, 'Forville'),
(1114, 5380, 'Franc-Waret'),
(1115, 5380, 'Hemptinne'),
(1116, 5380, 'Hingeon'),
(1117, 5380, 'Marchovelette'),
(1118, 5380, 'Noville-Les-Bois'),
(1119, 5380, 'Pontillas'),
(1120, 5380, 'Tillier'),
(1121, 5500, 'Anseremme'),
(1122, 5500, 'Bouvignes-Sur-Meuse'),
(1123, 5500, 'DINANT'),
(1124, 5500, 'Dréhance'),
(1125, 5500, 'Falmagne'),
(1126, 5500, 'Falmignoul'),
(1127, 5500, 'Furfooz'),
(1128, 5501, 'Lisogne'),
(1129, 5502, 'Thynes'),
(1130, 5503, 'Sorinnes'),
(1131, 5504, 'Foy-Notre-Dame'),
(1132, 5520, 'Anthée'),
(1133, 5520, 'ONHAYE'),
(1134, 5521, 'Serville'),
(1135, 5522, 'Falaën'),
(1136, 5523, 'Sommière'),
(1137, 5523, 'Weillen'),
(1138, 5524, 'Gérin'),
(1139, 5530, 'Dorinne'),
(1140, 5530, 'Durnal'),
(1141, 5530, 'Evrehailles'),
(1142, 5530, 'Godinne'),
(1143, 5530, 'Houx'),
(1144, 5530, 'Mont'),
(1145, 5530, 'Purnode'),
(1146, 5530, 'Spontin'),
(1147, 5530, 'YVOIR'),
(1148, 5537, 'ANHÉE'),
(1149, 5537, 'Annevoie-Rouillon'),
(1150, 5537, 'Bioul'),
(1151, 5537, 'Denée'),
(1152, 5537, 'Haut-Le-Wastia'),
(1153, 5537, 'Sosoye'),
(1154, 5537, 'Warnant'),
(1155, 5540, 'HASTIÈRE'),
(1156, 5540, 'Hastière-Lavaux'),
(1157, 5540, 'Hermeton-Sur-Meuse'),
(1158, 5540, 'Waulsort'),
(1159, 5541, 'Hastière-Par-Delà'),
(1160, 5542, 'Blaimont'),
(1161, 5543, 'Heer'),
(1162, 5544, 'Agimont'),
(1163, 5550, 'Alle'),
(1164, 5550, 'Bagimont'),
(1165, 5550, 'Bohan'),
(1166, 5550, 'Chairière'),
(1167, 5550, 'Laforêt'),
(1168, 5550, 'Membre'),
(1169, 5550, 'Mouzaive'),
(1170, 5550, 'Nafraiture'),
(1171, 5550, 'Orchimont'),
(1172, 5550, 'Pussemange'),
(1173, 5550, 'Sugny'),
(1174, 5550, 'VRESSE-SUR-SEMOIS'),
(1175, 5555, 'Baillamont'),
(1176, 5555, 'Bellefontaine'),
(1177, 5555, 'BIÈVRE'),
(1178, 5555, 'Cornimont'),
(1179, 5555, 'Graide'),
(1180, 5555, 'Gros-Fays'),
(1181, 5555, 'Monceau-En-Ardenne'),
(1182, 5555, 'Naomé'),
(1183, 5555, 'Oizy'),
(1184, 5555, 'Petit-Fays'),
(1185, 5560, 'Ciergnon'),
(1186, 5560, 'Finnevaux'),
(1187, 5560, 'HOUYET'),
(1188, 5560, 'Hulsonniaux'),
(1189, 5560, 'Mesnil-Eglise'),
(1190, 5560, 'Mesnil-Saint-Blaise'),
(1191, 5561, 'Celles'),
(1192, 5562, 'Custinne'),
(1193, 5563, 'Hour'),
(1194, 5564, 'Wanlin'),
(1195, 5570, 'Baronville'),
(1196, 5570, 'BEAURAING'),
(1197, 5570, 'Dion'),
(1198, 5570, 'Felenne'),
(1199, 5570, 'Feschaux'),
(1200, 5570, 'Honnay'),
(1201, 5570, 'Javingue'),
(1202, 5570, 'Vonêche'),
(1203, 5570, 'Wancennes'),
(1204, 5570, 'Winenne'),
(1205, 5571, 'Wiesme'),
(1206, 5572, 'Focant'),
(1207, 5573, 'Martouzin-Neuville'),
(1208, 5574, 'Pondrôme'),
(1209, 5575, 'Bourseigne-Neuve'),
(1210, 5575, 'Bourseigne-Vieille'),
(1211, 5575, 'GEDINNE'),
(1212, 5575, 'Houdremont'),
(1213, 5575, 'Louette-Saint-Denis'),
(1214, 5575, 'Louette-Saint-Pierre'),
(1215, 5575, 'Malvoisin'),
(1216, 5575, 'Patignies'),
(1217, 5575, 'Rienne'),
(1218, 5575, 'Sart-Custinne'),
(1219, 5575, 'Vencimont'),
(1220, 5575, 'Willerzie'),
(1221, 5576, 'Froidfontaine'),
(1222, 5580, 'Ave-Et-Auffe'),
(1223, 5580, 'Buissonville'),
(1224, 5580, 'Eprave'),
(1225, 5580, 'Han-Sur-Lesse'),
(1226, 5580, 'Jemelle'),
(1227, 5580, 'Lavaux-Sainte-Anne'),
(1228, 5580, 'Lessive'),
(1229, 5580, 'Mont-Gauthier'),
(1230, 5580, 'ROCHEFORT'),
(1231, 5580, 'Villers-Sur-Lesse'),
(1232, 5580, 'Wavreille'),
(1233, 5589, 'Jemelle'),
(1234, 5590, 'Achêne'),
(1235, 5590, 'Braibant'),
(1236, 5590, 'Chevetogne'),
(1237, 5590, 'CINEY'),
(1238, 5590, 'Conneux'),
(1239, 5590, 'Haversin'),
(1240, 5590, 'Leignon'),
(1241, 5590, 'Pessoux'),
(1242, 5590, 'Serinchamps'),
(1243, 5590, 'Sovet'),
(1244, 5600, 'Fagnolle'),
(1245, 5600, 'Franchimont'),
(1246, 5600, 'Jamagne'),
(1247, 5600, 'Jamiolle'),
(1248, 5600, 'Merlemont'),
(1249, 5600, 'Neuville'),
(1250, 5600, 'Omezée'),
(1251, 5600, 'PHILIPPEVILLE'),
(1252, 5600, 'Roly'),
(1253, 5600, 'Romedenne'),
(1254, 5600, 'Samart'),
(1255, 5600, 'Sart-En-Fagne'),
(1256, 5600, 'Sautour'),
(1257, 5600, 'Surice'),
(1258, 5600, 'Villers-En-Fagne'),
(1259, 5600, 'Villers-Le-Gambon'),
(1260, 5600, 'Vodecée'),
(1261, 5620, 'Corenne'),
(1262, 5620, 'Flavion'),
(1263, 5620, 'FLORENNES'),
(1264, 5620, 'Hemptinne-Lez-Florennes'),
(1265, 5620, 'Morville'),
(1266, 5620, 'Rosée'),
(1267, 5620, 'Saint-Aubin'),
(1268, 5621, 'Hanzinelle'),
(1269, 5621, 'Hanzinne'),
(1270, 5621, 'Morialmé'),
(1271, 5621, 'Thy-Le-Baudouin'),
(1272, 5630, 'CERFONTAINE'),
(1273, 5630, 'Daussois'),
(1274, 5630, 'Senzeilles'),
(1275, 5630, 'Silenrieux'),
(1276, 5630, 'Soumoy'),
(1277, 5630, 'Villers-Deux-Eglises'),
(1278, 5640, 'Biesme'),
(1279, 5640, 'Biesmerée'),
(1280, 5640, 'Graux'),
(1281, 5640, 'METTET'),
(1282, 5640, 'Oret'),
(1283, 5640, 'Saint-Gérard'),
(1284, 5641, 'Furnaux'),
(1285, 5644, 'Ermeton-Sur-Biert'),
(1286, 5646, 'Stave'),
(1287, 5650, 'Castillon'),
(1288, 5650, 'Chastrès'),
(1289, 5650, 'Clermont'),
(1290, 5650, 'Fontenelle'),
(1291, 5650, 'Fraire'),
(1292, 5650, 'Pry'),
(1293, 5650, 'Vogenée'),
(1294, 5650, 'WALCOURT'),
(1295, 5650, 'Yves-Gomezée'),
(1296, 5651, 'Berzée'),
(1297, 5651, 'Gourdinne'),
(1298, 5651, 'Laneffe'),
(1299, 5651, 'Rognée'),
(1300, 5651, 'Somzée'),
(1301, 5651, 'Tarcienne'),
(1302, 5651, 'Thy-Le-Château'),
(1303, 5660, 'Aublain'),
(1304, 5660, 'Boussu-En-Fagne'),
(1305, 5660, 'Brûly'),
(1306, 5660, 'Brûly-De-Pesche'),
(1307, 5660, 'COUVIN'),
(1308, 5660, 'Cul-Des-Sarts'),
(1309, 5660, 'Dailly'),
(1310, 5660, 'Frasnes'),
(1311, 5660, 'Gonrieux'),
(1312, 5660, 'Mariembourg'),
(1313, 5660, 'Pesche'),
(1314, 5660, 'Pétigny'),
(1315, 5660, 'Petite-Chapelle'),
(1316, 5660, 'Presgaux'),
(1317, 5670, 'Dourbes'),
(1318, 5670, 'Le Mesnil'),
(1319, 5670, 'Mazée'),
(1320, 5670, 'Nismes'),
(1321, 5670, 'Oignies-En-Thiérache'),
(1322, 5670, 'Olloy-Sur-Viroin'),
(1323, 5670, 'Treignes'),
(1324, 5670, 'Vierves-Sur-Viroin'),
(1325, 5670, 'VIROINVAL'),
(1326, 5680, 'DOISCHE'),
(1327, 5680, 'Gimnée'),
(1328, 5680, 'Gochenée'),
(1329, 5680, 'Matagne-La-Grande'),
(1330, 5680, 'Matagne-La-Petite'),
(1331, 5680, 'Niverlée'),
(1332, 5680, 'Romerée'),
(1333, 5680, 'Soulme'),
(1334, 5680, 'Vaucelles'),
(1335, 5680, 'Vodelée'),
(1336, 6000, 'CHARLEROI'),
(1337, 6001, 'Marcinelle'),
(1338, 6010, 'Couillet'),
(1339, 6020, 'Dampremy'),
(1340, 6030, 'Goutroux'),
(1341, 6030, 'Marchienne-Au-Pont'),
(1342, 6031, 'Monceau-Sur-Sambre'),
(1343, 6032, 'Mont-Sur-Marchienne'),
(1344, 6040, 'Jumet'),
(1345, 6041, 'Gosselies'),
(1346, 6042, 'Lodelinsart'),
(1347, 6043, 'Ransart'),
(1348, 6044, 'Roux'),
(1349, 6060, 'Gilly'),
(1350, 6061, 'Montignies-Sur-Sambre'),
(1351, 6075, 'CSM Charleroi X'),
(1352, 6099, 'Charleroi X'),
(1353, 6110, 'MONTIGNY-LE-TILLEUL'),
(1354, 6111, 'Landelies'),
(1355, 6120, 'Cour-Sur-Heure'),
(1356, 6120, 'HAM-SUR-HEURE'),
(1357, 6120, 'Jamioulx'),
(1358, 6120, 'Marbaix'),
(1359, 6120, 'Nalinnes'),
(1360, 6140, 'FONTAINE-L\'EVÊQUE'),
(1361, 6141, 'Forchies-La-Marche'),
(1362, 6142, 'Leernes'),
(1363, 6150, 'ANDERLUES'),
(1364, 6180, 'COURCELLES'),
(1365, 6181, 'Gouy-Lez-Piéton'),
(1366, 6182, 'Souvret'),
(1367, 6183, 'Trazegnies'),
(1368, 6200, 'Bouffioulx'),
(1369, 6200, 'CHÂTELET'),
(1370, 6200, 'Châtelineau'),
(1371, 6210, 'Frasnes-Lez-Gosselies'),
(1372, 6210, 'LES BONS VILLERS'),
(1373, 6210, 'Rèves'),
(1374, 6210, 'Villers-Perwin'),
(1375, 6210, 'Wayaux'),
(1376, 6211, 'Mellet'),
(1377, 6220, 'FLEURUS'),
(1378, 6220, 'Heppignies'),
(1379, 6220, 'Lambusart'),
(1380, 6220, 'Wangenies'),
(1381, 6221, 'Saint-Amand'),
(1382, 6222, 'Brye'),
(1383, 6223, 'Wagnelée'),
(1384, 6224, 'Wanfercée-Baulet'),
(1385, 6230, 'Buzet'),
(1386, 6230, 'Obaix'),
(1387, 6230, 'PONT-À-CELLES'),
(1388, 6230, 'Thiméon'),
(1389, 6230, 'Viesville'),
(1390, 6238, 'Liberchies'),
(1391, 6238, 'Luttre'),
(1392, 6240, 'FARCIENNES'),
(1393, 6240, 'Pironchamps'),
(1394, 6250, 'Aiseau'),
(1395, 6250, 'AISEAU-PRESLES'),
(1396, 6250, 'Pont-De-Loup'),
(1397, 6250, 'Presles'),
(1398, 6250, 'Roselies'),
(1399, 6280, 'Acoz'),
(1400, 6280, 'GERPINNES'),
(1401, 6280, 'Gougnies'),
(1402, 6280, 'Joncret'),
(1403, 6280, 'Loverval'),
(1404, 6280, 'Villers-Poterie'),
(1405, 6440, 'Boussu-Lez-Walcourt'),
(1406, 6440, 'Fourbechies'),
(1407, 6440, 'FROIDCHAPELLE'),
(1408, 6440, 'Vergnies'),
(1409, 6441, 'Erpion'),
(1410, 6460, 'Bailièvre'),
(1411, 6460, 'CHIMAY'),
(1412, 6460, 'Robechies'),
(1413, 6460, 'Saint-Remy'),
(1414, 6460, 'Salles'),
(1415, 6460, 'Villers-La-Tour'),
(1416, 6461, 'Virelles'),
(1417, 6462, 'Vaulx-Lez-Chimay'),
(1418, 6463, 'Lompret'),
(1419, 6464, 'Baileux'),
(1420, 6464, 'Bourlers'),
(1421, 6464, 'Forges'),
(1422, 6464, 'L\'Escaillère'),
(1423, 6464, 'Rièzes'),
(1424, 6470, 'Grandrieu'),
(1425, 6470, 'Montbliart'),
(1426, 6470, 'Rance'),
(1427, 6470, 'Sautin'),
(1428, 6470, 'Sivry'),
(1429, 6470, 'SIVRY-RANCE'),
(1430, 6500, 'Barbençon'),
(1431, 6500, 'BEAUMONT'),
(1432, 6500, 'Leugnies'),
(1433, 6500, 'Leval-Chaudeville'),
(1434, 6500, 'Renlies'),
(1435, 6500, 'Solre-Saint-Géry'),
(1436, 6500, 'Thirimont'),
(1437, 6511, 'Strée'),
(1438, 6530, 'Leers-Et-Fosteau'),
(1439, 6530, 'THUIN'),
(1440, 6531, 'Biesme-Sous-Thuin'),
(1441, 6532, 'Ragnies'),
(1442, 6533, 'Biercée'),
(1443, 6534, 'Gozée'),
(1444, 6536, 'Donstiennes'),
(1445, 6536, 'Thuillies'),
(1446, 6540, 'LOBBES'),
(1447, 6540, 'Mont-Sainte-Geneviève'),
(1448, 6542, 'Sars-La-Buissière'),
(1449, 6543, 'Bienne-Lez-Happart'),
(1450, 6560, 'Bersillies-L\'Abbaye'),
(1451, 6560, 'ERQUELINNES'),
(1452, 6560, 'Grand-Reng'),
(1453, 6560, 'Hantes-Wihéries'),
(1454, 6560, 'Montignies-Saint-Christophe'),
(1455, 6560, 'Solre-Sur-Sambre'),
(1456, 6567, 'Fontaine-Valmont'),
(1457, 6567, 'Labuissière'),
(1458, 6567, 'MERBES-LE-CHÂTEAU'),
(1459, 6567, 'Merbes-Sainte-Marie'),
(1460, 6590, 'MOMIGNIES'),
(1461, 6591, 'Macon'),
(1462, 6592, 'Monceau-Imbrechies'),
(1463, 6593, 'Macquenoise'),
(1464, 6594, 'Beauwelz'),
(1465, 6596, 'Forge-Philippe'),
(1466, 6596, 'Seloignes'),
(1467, 6600, 'BASTOGNE'),
(1468, 6600, 'Longvilly'),
(1469, 6600, 'Noville'),
(1470, 6600, 'Villers-La-Bonne-Eau'),
(1471, 6600, 'Wardin'),
(1472, 6630, 'MARTELANGE'),
(1473, 6637, 'FAUVILLERS'),
(1474, 6637, 'Hollange'),
(1475, 6637, 'Tintange'),
(1476, 6640, 'Hompré'),
(1477, 6640, 'Morhet'),
(1478, 6640, 'Nives'),
(1479, 6640, 'Sibret'),
(1480, 6640, 'Vaux-Lez-Rosières'),
(1481, 6640, 'VAUX-SUR-SÛRE'),
(1482, 6642, 'Juseret'),
(1483, 6660, 'HOUFFALIZE'),
(1484, 6660, 'Nadrin'),
(1485, 6661, 'Mont'),
(1486, 6661, 'Tailles'),
(1487, 6662, 'Tavigny'),
(1488, 6663, 'Mabompré'),
(1489, 6666, 'Wibrin'),
(1490, 6670, 'GOUVY'),
(1491, 6670, 'Limerlé'),
(1492, 6671, 'Bovigny'),
(1493, 6672, 'Beho'),
(1494, 6673, 'Cherain'),
(1495, 6674, 'Montleban'),
(1496, 6680, 'Amberloup'),
(1497, 6680, 'SAINTE-ODE'),
(1498, 6680, 'Tillet'),
(1499, 6681, 'Lavacherie'),
(1500, 6686, 'Flamierge'),
(1501, 6687, 'BERTOGNE'),
(1502, 6688, 'Longchamps'),
(1503, 6690, 'Bihain'),
(1504, 6690, 'VIELSALM'),
(1505, 6692, 'Petit-Thier'),
(1506, 6698, 'Grand-Halleux'),
(1507, 6700, 'ARLON'),
(1508, 6700, 'Bonnert'),
(1509, 6700, 'Heinsch'),
(1510, 6700, 'Toernich'),
(1511, 6704, 'Guirsch'),
(1512, 6706, 'Autelbas'),
(1513, 6717, 'ATTERT'),
(1514, 6717, 'Nobressart'),
(1515, 6717, 'Nothomb'),
(1516, 6717, 'Thiaumont'),
(1517, 6717, 'Tontelange'),
(1518, 6720, 'HABAY'),
(1519, 6720, 'Habay-La-Neuve'),
(1520, 6720, 'Hachy'),
(1521, 6721, 'Anlier'),
(1522, 6723, 'Habay-La-Vieille'),
(1523, 6724, 'Houdemont'),
(1524, 6724, 'Rulles'),
(1525, 6730, 'Bellefontaine'),
(1526, 6730, 'Rossignol'),
(1527, 6730, 'Saint-Vincent'),
(1528, 6730, 'TINTIGNY'),
(1529, 6740, 'ETALLE'),
(1530, 6740, 'Sainte-Marie-Sur-Semois'),
(1531, 6740, 'Villers-Sur-Semois'),
(1532, 6741, 'Vance'),
(1533, 6742, 'Chantemelle'),
(1534, 6743, 'Buzenol'),
(1535, 6747, 'Châtillon'),
(1536, 6747, 'Meix-Le-Tige'),
(1537, 6747, 'SAINT-LÉGER'),
(1538, 6750, 'MUSSON'),
(1539, 6750, 'Mussy-La-Ville'),
(1540, 6750, 'Signeulx'),
(1541, 6760, 'Bleid'),
(1542, 6760, 'Ethe'),
(1543, 6760, 'Ruette'),
(1544, 6760, 'VIRTON'),
(1545, 6761, 'Latour'),
(1546, 6762, 'Saint-Mard'),
(1547, 6767, 'Dampicourt'),
(1548, 6767, 'Harnoncourt'),
(1549, 6767, 'Lamorteau'),
(1550, 6767, 'ROUVROY'),
(1551, 6767, 'Torgny'),
(1552, 6769, 'Gérouville'),
(1553, 6769, 'MEIX-DEVANT-VIRTON'),
(1554, 6769, 'Robelmont'),
(1555, 6769, 'Sommethonne'),
(1556, 6769, 'Villers-La-Loue'),
(1557, 6780, 'Hondelange'),
(1558, 6780, 'MESSANCY'),
(1559, 6780, 'Wolkrange'),
(1560, 6781, 'Sélange'),
(1561, 6782, 'Habergy'),
(1562, 6790, 'AUBANGE'),
(1563, 6791, 'Athus'),
(1564, 6792, 'Halanzy'),
(1565, 6792, 'Rachecourt'),
(1566, 6800, 'Bras'),
(1567, 6800, 'Freux'),
(1568, 6800, 'LIBRAMONT-CHEVIGNY'),
(1569, 6800, 'Moircy'),
(1570, 6800, 'Recogne'),
(1571, 6800, 'Remagne'),
(1572, 6800, 'Saint-Pierre'),
(1573, 6800, 'Sainte-Marie-Chevigny'),
(1574, 6810, 'CHINY'),
(1575, 6810, 'Izel'),
(1576, 6810, 'Jamoigne'),
(1577, 6811, 'Les Bulles'),
(1578, 6812, 'Suxy'),
(1579, 6813, 'Termes'),
(1580, 6820, 'FLORENVILLE'),
(1581, 6820, 'Fontenoille'),
(1582, 6820, 'Muno'),
(1583, 6820, 'Sainte-Cécile'),
(1584, 6821, 'Lacuisine'),
(1585, 6823, 'Villers-Devant-Orval'),
(1586, 6824, 'Chassepierre'),
(1587, 6830, 'BOUILLON'),
(1588, 6830, 'Les Hayons'),
(1589, 6830, 'Poupehan'),
(1590, 6830, 'Rochehaut'),
(1591, 6831, 'Noirfontaine'),
(1592, 6832, 'Sensenruth'),
(1593, 6833, 'Ucimont'),
(1594, 6833, 'Vivy'),
(1595, 6834, 'Bellevaux'),
(1596, 6836, 'Dohan'),
(1597, 6838, 'Corbion'),
(1598, 6840, 'Grandvoir'),
(1599, 6840, 'Grapfontaine'),
(1600, 6840, 'Hamipré'),
(1601, 6840, 'Longlier'),
(1602, 6840, 'NEUFCHÂTEAU'),
(1603, 6840, 'Tournay'),
(1604, 6850, 'Carlsbourg'),
(1605, 6850, 'Offagne'),
(1606, 6850, 'PALISEUL'),
(1607, 6851, 'Nollevaux'),
(1608, 6852, 'Maissin'),
(1609, 6852, 'Opont'),
(1610, 6853, 'Framont'),
(1611, 6856, 'Fays-Les-Veneurs'),
(1612, 6860, 'Assenois'),
(1613, 6860, 'Ebly'),
(1614, 6860, 'LÉGLISE'),
(1615, 6860, 'Mellier'),
(1616, 6860, 'Witry'),
(1617, 6870, 'Arville'),
(1618, 6870, 'Awenne'),
(1619, 6870, 'Hatrival'),
(1620, 6870, 'Mirwart'),
(1621, 6870, 'SAINT-HUBERT'),
(1622, 6870, 'Vesqueville'),
(1623, 6880, 'Auby-Sur-Semois'),
(1624, 6880, 'BERTRIX'),
(1625, 6880, 'Cugnon'),
(1626, 6880, 'Jehonville'),
(1627, 6880, 'Orgeo'),
(1628, 6887, 'HERBEUMONT'),
(1629, 6887, 'Saint-Médard'),
(1630, 6887, 'Straimont'),
(1631, 6890, 'Anloy'),
(1632, 6890, 'LIBIN'),
(1633, 6890, 'Ochamps'),
(1634, 6890, 'Redu'),
(1635, 6890, 'Smuid'),
(1636, 6890, 'Transinne'),
(1637, 6890, 'Villance'),
(1638, 6900, 'Aye'),
(1639, 6900, 'Hargimont'),
(1640, 6900, 'Humain'),
(1641, 6900, 'MARCHE-EN-FAMENNE'),
(1642, 6900, 'On'),
(1643, 6900, 'Roy'),
(1644, 6900, 'Waha'),
(1645, 6920, 'Sohier'),
(1646, 6920, 'WELLIN'),
(1647, 6921, 'Chanly'),
(1648, 6922, 'Halma'),
(1649, 6924, 'Lomprez'),
(1650, 6927, 'Bure'),
(1651, 6927, 'Grupont'),
(1652, 6927, 'Resteigne'),
(1653, 6927, 'TELLIN'),
(1654, 6929, 'DAVERDISSE'),
(1655, 6929, 'Gembes'),
(1656, 6929, 'Haut-Fays'),
(1657, 6929, 'Porcheresse'),
(1658, 6940, 'Barvaux-Sur-Ourthe'),
(1659, 6940, 'DURBUY'),
(1660, 6940, 'Grandhan'),
(1661, 6940, 'Septon'),
(1662, 6940, 'Wéris'),
(1663, 6941, 'Bende'),
(1664, 6941, 'Bomal-Sur-Ourthe'),
(1665, 6941, 'Borlon'),
(1666, 6941, 'Heyd'),
(1667, 6941, 'Izier'),
(1668, 6941, 'Tohogne'),
(1669, 6941, 'Villers-Sainte-Gertrude'),
(1670, 6950, 'Harsin'),
(1671, 6950, 'NASSOGNE'),
(1672, 6951, 'Bande'),
(1673, 6952, 'Grune'),
(1674, 6953, 'Ambly'),
(1675, 6953, 'Forrières'),
(1676, 6953, 'Lesterny'),
(1677, 6953, 'Masbourg'),
(1678, 6960, 'Dochamps'),
(1679, 6960, 'Grandménil'),
(1680, 6960, 'Harre'),
(1681, 6960, 'Malempré'),
(1682, 6960, 'MANHAY'),
(1683, 6960, 'Odeigne'),
(1684, 6960, 'Vaux-Chavanne'),
(1685, 6970, 'TENNEVILLE'),
(1686, 6971, 'Champlon'),
(1687, 6972, 'Erneuville'),
(1688, 6980, 'Beausaint'),
(1689, 6980, 'LA ROCHE-EN-ARDENNE'),
(1690, 6982, 'Samrée'),
(1691, 6983, 'Ortho'),
(1692, 6984, 'Hives'),
(1693, 6986, 'Halleux'),
(1694, 6987, 'Beffe'),
(1695, 6987, 'Hodister'),
(1696, 6987, 'Marcourt'),
(1697, 6987, 'RENDEUX'),
(1698, 6990, 'Fronville'),
(1699, 6990, 'Hampteau'),
(1700, 6990, 'HOTTON'),
(1701, 6990, 'Marenne'),
(1702, 6997, 'Amonines'),
(1703, 6997, 'EREZÉE'),
(1704, 6997, 'Mormont'),
(1705, 6997, 'Soy'),
(1706, 7000, 'MONS'),
(1707, 7010, 'SHAPE'),
(1708, 7011, 'Ghlin'),
(1709, 7012, 'Flénu'),
(1710, 7012, 'Jemappes'),
(1711, 7020, 'Maisières'),
(1712, 7020, 'Nimy'),
(1713, 7021, 'Havré'),
(1714, 7022, 'Harmignies'),
(1715, 7022, 'Harveng'),
(1716, 7022, 'Hyon'),
(1717, 7022, 'Mesvin'),
(1718, 7022, 'Nouvelles'),
(1719, 7024, 'Ciply'),
(1720, 7030, 'Saint-Symphorien'),
(1721, 7031, 'Villers-Saint-Ghislain'),
(1722, 7032, 'Spiennes'),
(1723, 7033, 'Cuesmes'),
(1724, 7034, 'Obourg'),
(1725, 7034, 'Saint-Denis'),
(1726, 7040, 'Asquillies'),
(1727, 7040, 'Aulnois'),
(1728, 7040, 'Blaregnies'),
(1729, 7040, 'Bougnies'),
(1730, 7040, 'Genly'),
(1731, 7040, 'Goegnies-Chaussée'),
(1732, 7040, 'QUÉVY'),
(1733, 7040, 'Quévy-Le-Grand'),
(1734, 7040, 'Quévy-Le-Petit'),
(1735, 7041, 'Givry'),
(1736, 7041, 'Havay'),
(1737, 7050, 'Erbaut'),
(1738, 7050, 'Erbisoeul'),
(1739, 7050, 'Herchies'),
(1740, 7050, 'JURBISE'),
(1741, 7050, 'Masnuy-Saint-Jean'),
(1742, 7050, 'Masnuy-Saint-Pierre'),
(1743, 7060, 'Horrues'),
(1744, 7060, 'SOIGNIES'),
(1745, 7061, 'Casteau'),
(1746, 7061, 'Thieusies'),
(1747, 7062, 'Naast'),
(1748, 7063, 'Chaussée-Notre-Dame-Louvignies'),
(1749, 7063, 'Neufvilles'),
(1750, 7070, 'Gottignies'),
(1751, 7070, 'LE ROEULX'),
(1752, 7070, 'Mignault'),
(1753, 7070, 'Thieu'),
(1754, 7070, 'Ville-Sur-Haine'),
(1755, 7080, 'Eugies'),
(1756, 7080, 'FRAMERIES'),
(1757, 7080, 'La Bouverie'),
(1758, 7080, 'Noirchain'),
(1759, 7080, 'Sars-La-Bruyère'),
(1760, 7090, 'BRAINE-LE-COMTE'),
(1761, 7090, 'Hennuyères'),
(1762, 7090, 'Henripont'),
(1763, 7090, 'Petit-Roeulx-Lez-Braine'),
(1764, 7090, 'Ronquières'),
(1765, 7090, 'Steenkerque'),
(1766, 7100, 'Haine-Saint-Paul'),
(1767, 7100, 'Haine-Saint-Pierre'),
(1768, 7100, 'LA LOUVIÈRE'),
(1769, 7100, 'Saint-Vaast'),
(1770, 7100, 'Trivières'),
(1771, 7110, 'Boussoit'),
(1772, 7110, 'Houdeng-Aimeries'),
(1773, 7110, 'Houdeng-Goegnies'),
(1774, 7110, 'Maurage'),
(1775, 7110, 'Strépy-Bracquegnies'),
(1776, 7120, 'Croix-Lez-Rouveroy'),
(1777, 7120, 'ESTINNES'),
(1778, 7120, 'Estinnes-Au-Mont'),
(1779, 7120, 'Estinnes-Au-Val'),
(1780, 7120, 'Fauroeulx'),
(1781, 7120, 'Haulchin'),
(1782, 7120, 'Peissant'),
(1783, 7120, 'Rouveroy'),
(1784, 7120, 'Vellereille-Le-Sec'),
(1785, 7120, 'Vellereille-Les-Brayeux'),
(1786, 7130, 'Battignies'),
(1787, 7130, 'BINCHE'),
(1788, 7130, 'Bray'),
(1789, 7131, 'Waudrez'),
(1790, 7133, 'Buvrinnes'),
(1791, 7134, 'Epinois'),
(1792, 7134, 'Leval-Trahegnies'),
(1793, 7134, 'Péronnes-Lez-Binche'),
(1794, 7134, 'Ressaix'),
(1795, 7140, 'MORLANWELZ'),
(1796, 7140, 'Morlanwelz-Mariemont'),
(1797, 7141, 'Carnières'),
(1798, 7141, 'Mont-Sainte-Aldegonde'),
(1799, 7160, 'CHAPELLE-LEZ-HERLAIMONT'),
(1800, 7160, 'Godarville'),
(1801, 7160, 'Piéton'),
(1802, 7170, 'Bellecourt'),
(1803, 7170, 'Bois-D\'Haine'),
(1804, 7170, 'Fayt-Lez-Manage'),
(1805, 7170, 'La Hestre'),
(1806, 7170, 'MANAGE'),
(1807, 7180, 'SENEFFE'),
(1808, 7181, 'Arquennes'),
(1809, 7181, 'Familleureux'),
(1810, 7181, 'Feluy'),
(1811, 7181, 'Petit-Roeulx-Lez-Nivelles'),
(1812, 7190, 'ECAUSSINNES'),
(1813, 7190, 'Ecaussinnes-D\'Enghien'),
(1814, 7190, 'Marche-Lez-Ecaussinnes'),
(1815, 7191, 'Ecaussinnes-Lalaing'),
(1816, 7300, 'BOUSSU'),
(1817, 7301, 'Hornu'),
(1818, 7320, 'BERNISSART'),
(1819, 7321, 'Blaton'),
(1820, 7321, 'Harchies'),
(1821, 7322, 'Pommeroeul'),
(1822, 7322, 'Ville-Pommeroeul'),
(1823, 7330, 'SAINT-GHISLAIN'),
(1824, 7331, 'Baudour'),
(1825, 7332, 'Neufmaison'),
(1826, 7332, 'Sirault'),
(1827, 7333, 'Tertre'),
(1828, 7334, 'Hautrage'),
(1829, 7334, 'Villerot'),
(1830, 7340, 'COLFONTAINE'),
(1831, 7340, 'Pâturages'),
(1832, 7340, 'Warquignies'),
(1833, 7340, 'Wasmes'),
(1834, 7350, 'Hainin'),
(1835, 7350, 'HENSIES'),
(1836, 7350, 'Montroeul-Sur-Haine'),
(1837, 7350, 'Thulin'),
(1838, 7370, 'Blaugies'),
(1839, 7370, 'DOUR'),
(1840, 7370, 'Elouges'),
(1841, 7370, 'Wihéries'),
(1842, 7380, 'Baisieux'),
(1843, 7380, 'QUIÉVRAIN'),
(1844, 7382, 'Audregnies'),
(1845, 7387, 'Angre'),
(1846, 7387, 'Angreau'),
(1847, 7387, 'Athis'),
(1848, 7387, 'Autreppe'),
(1849, 7387, 'Erquennes'),
(1850, 7387, 'Fayt-Le-Franc'),
(1851, 7387, 'HONNELLES'),
(1852, 7387, 'Marchipont'),
(1853, 7387, 'Montignies-Sur-Roc'),
(1854, 7387, 'Onnezies'),
(1855, 7387, 'Roisin'),
(1856, 7390, 'QUAREGNON'),
(1857, 7390, 'Wasmuel'),
(1858, 7500, 'Ere'),
(1859, 7500, 'Saint-Maur'),
(1860, 7500, 'TOURNAI'),
(1861, 7501, 'Orcq'),
(1862, 7502, 'Esplechin'),
(1863, 7503, 'Froyennes'),
(1864, 7504, 'Froidmont'),
(1865, 7506, 'Willemeau'),
(1866, 7510, '3 Suisses'),
(1867, 7511, 'Vitrine Magique'),
(1868, 7512, 'Yves Rocher'),
(1869, 7513, 'Yves Rocher'),
(1870, 7520, 'Ramegnies-Chin'),
(1871, 7520, 'Templeuve'),
(1872, 7521, 'Chercq'),
(1873, 7522, 'Blandain'),
(1874, 7522, 'Hertain'),
(1875, 7522, 'Lamain'),
(1876, 7522, 'Marquain'),
(1877, 7530, 'Gaurain-Ramecroix'),
(1878, 7531, 'Havinnes'),
(1879, 7532, 'Béclers'),
(1880, 7533, 'Thimougies'),
(1881, 7534, 'Barry'),
(1882, 7534, 'Maulde'),
(1883, 7536, 'Vaulx'),
(1884, 7538, 'Vezon'),
(1885, 7540, 'Kain'),
(1886, 7540, 'Melles'),
(1887, 7540, 'Quartes'),
(1888, 7540, 'Rumillies'),
(1889, 7542, 'Mont-Saint-Aubert'),
(1890, 7543, 'Mourcourt'),
(1891, 7548, 'Warchin'),
(1892, 7600, 'PÉRUWELZ'),
(1893, 7601, 'Roucourt'),
(1894, 7602, 'Bury'),
(1895, 7603, 'Bon-Secours'),
(1896, 7604, 'Baugnies'),
(1897, 7604, 'Braffe'),
(1898, 7604, 'Brasménil'),
(1899, 7604, 'Callenelle'),
(1900, 7604, 'Wasmes-Audemez-Briffoeil'),
(1901, 7608, 'Wiers'),
(1902, 7610, 'RUMES'),
(1903, 7611, 'La Glanerie'),
(1904, 7618, 'Taintignies'),
(1905, 7620, 'Bléharies'),
(1906, 7620, 'BRUNEHAUT'),
(1907, 7620, 'Guignies'),
(1908, 7620, 'Hollain'),
(1909, 7620, 'Jollain-Merlin'),
(1910, 7620, 'Wez-Velvain'),
(1911, 7621, 'Lesdain'),
(1912, 7622, 'Laplaigne'),
(1913, 7623, 'Rongy'),
(1914, 7624, 'Howardries'),
(1915, 7640, 'ANTOING'),
(1916, 7640, 'Maubray'),
(1917, 7640, 'Péronnes-Lez-Antoing'),
(1918, 7641, 'Bruyelle'),
(1919, 7642, 'Calonne'),
(1920, 7643, 'Fontenoy'),
(1921, 7700, 'Luingne'),
(1922, 7700, 'MOESKROEN'),
(1923, 7711, 'Dottenijs'),
(1924, 7712, 'Herseaux'),
(1925, 7730, 'Bailleul'),
(1926, 7730, 'Estaimbourg'),
(1927, 7730, 'ESTAIMPUIS'),
(1928, 7730, 'Evregnies'),
(1929, 7730, 'Leers-Nord'),
(1930, 7730, 'Néchin'),
(1931, 7730, 'Saint-Léger'),
(1932, 7740, 'PECQ'),
(1933, 7740, 'Warcoing'),
(1934, 7742, 'Hérinnes-Lez-Pecq'),
(1935, 7743, 'Esquelmes'),
(1936, 7743, 'Obigies'),
(1937, 7750, 'Amougies'),
(1938, 7750, 'Anseroeul'),
(1939, 7750, 'MONT-DE-L\'ENCLUS'),
(1940, 7750, 'Orroir'),
(1941, 7750, 'Russeignies'),
(1942, 7760, 'CELLES'),
(1943, 7760, 'Escanaffles'),
(1944, 7760, 'Molenbaix'),
(1945, 7760, 'Popuelles'),
(1946, 7760, 'Pottes'),
(1947, 7760, 'Velaines'),
(1948, 7780, 'Komen'),
(1949, 7780, 'KOMEN-WAASTEN'),
(1950, 7781, 'Houthem'),
(1951, 7782, 'Ploegsteert'),
(1952, 7783, 'Bizet'),
(1953, 7784, 'Neerwaasten'),
(1954, 7784, 'Waasten'),
(1955, 7800, 'ATH'),
(1956, 7800, 'Lanquesaint'),
(1957, 7801, 'Irchonwelz'),
(1958, 7802, 'Ormeignies'),
(1959, 7803, 'Bouvignies'),
(1960, 7804, 'Ostiches'),
(1961, 7804, 'Rebaix'),
(1962, 7810, 'Maffle'),
(1963, 7811, 'Arbre'),
(1964, 7812, 'Houtaing'),
(1965, 7812, 'Ligne'),
(1966, 7812, 'Mainvault'),
(1967, 7812, 'Moulbaix'),
(1968, 7812, 'Villers-Notre-Dame'),
(1969, 7812, 'Villers-Saint-Amand'),
(1970, 7822, 'Ghislenghien'),
(1971, 7822, 'Isières'),
(1972, 7822, 'Meslin-L\'Evêque'),
(1973, 7823, 'Gibecq'),
(1974, 7830, 'Bassilly'),
(1975, 7830, 'Fouleng'),
(1976, 7830, 'Gondregnies'),
(1977, 7830, 'Graty'),
(1978, 7830, 'Hellebecq'),
(1979, 7830, 'Hoves'),
(1980, 7830, 'SILLY'),
(1981, 7830, 'Thoricourt'),
(1982, 7850, 'EDINGEN'),
(1983, 7850, 'Lettelingen'),
(1984, 7850, 'Mark'),
(1985, 7860, 'LESSINES'),
(1986, 7861, 'Papignies'),
(1987, 7861, 'Wannebecq'),
(1988, 7862, 'Ogy'),
(1989, 7863, 'Ghoy'),
(1990, 7864, 'Deux-Acren'),
(1991, 7866, 'Bois-De-Lessines'),
(1992, 7866, 'Ollignies'),
(1993, 7870, 'Bauffe'),
(1994, 7870, 'Cambron-Saint-Vincent'),
(1995, 7870, 'LENS'),
(1996, 7870, 'Lombise'),
(1997, 7870, 'Montignies-Lez-Lens'),
(1998, 7880, 'VLOESBERG'),
(1999, 7890, 'ELLEZELLES'),
(2000, 7890, 'Lahamaide'),
(2001, 7890, 'Wodecq'),
(2002, 7900, 'Grandmetz'),
(2003, 7900, 'LEUZE-EN-HAINAUT'),
(2004, 7901, 'Thieulain'),
(2005, 7903, 'Blicquy'),
(2006, 7903, 'Chapelle-À-Oie'),
(2007, 7903, 'Chapelle-À-Wattines'),
(2008, 7904, 'Pipaix'),
(2009, 7904, 'Tourpes'),
(2010, 7904, 'Willaupuis'),
(2011, 7906, 'Gallaix'),
(2012, 7910, 'Anvaing'),
(2013, 7910, 'Arc-Ainières'),
(2014, 7910, 'Arc-Wattripont'),
(2015, 7910, 'Cordes'),
(2016, 7910, 'Ellignies-Lez-Frasnes');
INSERT INTO `gemeente` (`gemeente_ID`, `postnummer`, `gemeente`) VALUES
(2017, 7910, 'Forest'),
(2018, 7910, 'FRASNES-LEZ-ANVAING'),
(2019, 7910, 'Wattripont'),
(2020, 7911, 'Buissenal'),
(2021, 7911, 'Frasnes-Lez-Buissenal'),
(2022, 7911, 'Hacquegnies'),
(2023, 7911, 'Herquegies'),
(2024, 7911, 'Montroeul-Au-Bois'),
(2025, 7911, 'Moustier'),
(2026, 7911, 'Oeudeghien'),
(2027, 7912, 'Dergneau'),
(2028, 7912, 'Saint-Sauveur'),
(2029, 7940, 'BRUGELETTE'),
(2030, 7940, 'Cambron-Casteau'),
(2031, 7941, 'Attre'),
(2032, 7942, 'Mévergnies-Lez-Lens'),
(2033, 7943, 'Gages'),
(2034, 7950, 'CHIÈVRES'),
(2035, 7950, 'Grosage'),
(2036, 7950, 'Huissignies'),
(2037, 7950, 'Ladeuze'),
(2038, 7950, 'Tongre-Saint-Martin'),
(2039, 7951, 'Tongre-Notre-Dame'),
(2040, 7970, 'BELOEIL'),
(2041, 7971, 'Basècles'),
(2042, 7971, 'Ramegnies'),
(2043, 7971, 'Thumaide'),
(2044, 7971, 'Wadelincourt'),
(2045, 7972, 'Aubechies'),
(2046, 7972, 'Ellignies-Sainte-Anne'),
(2047, 7972, 'Quevaucamps'),
(2048, 7973, 'Grandglise'),
(2049, 7973, 'Stambruges'),
(2050, 8000, 'BRUGGE'),
(2051, 8000, 'Koolkerke'),
(2052, 8020, 'Hertsberge'),
(2053, 8020, 'OOSTKAMP'),
(2054, 8020, 'Ruddervoorde'),
(2055, 8020, 'Waardamme'),
(2056, 8200, 'Sint-Andries'),
(2057, 8200, 'Sint-Michiels'),
(2058, 8210, 'Loppem'),
(2059, 8210, 'Veldegem'),
(2060, 8210, 'ZEDELGEM'),
(2061, 8211, 'Aartrijke'),
(2062, 8300, 'Knokke'),
(2063, 8300, 'KNOKKE-HEIST'),
(2064, 8300, 'Westkapelle'),
(2065, 8301, 'Heist-Aan-Zee'),
(2066, 8301, 'Ramskapelle'),
(2067, 8310, 'Assebroek'),
(2068, 8310, 'Sint-Kruis'),
(2069, 8340, 'DAMME'),
(2070, 8340, 'Hoeke'),
(2071, 8340, 'Lapscheure'),
(2072, 8340, 'Moerkerke'),
(2073, 8340, 'Oostkerke'),
(2074, 8340, 'Sijsele'),
(2075, 8370, 'BLANKENBERGE'),
(2076, 8370, 'Uitkerke'),
(2077, 8377, 'Houtave'),
(2078, 8377, 'Meetkerke'),
(2079, 8377, 'Nieuwmunster'),
(2080, 8377, 'ZUIENKERKE'),
(2081, 8380, 'Dudzele'),
(2082, 8380, 'Lissewege'),
(2083, 8380, 'Zeebrugge'),
(2084, 8400, 'OOSTENDE'),
(2085, 8400, 'Stene'),
(2086, 8400, 'Zandvoorde'),
(2087, 8420, 'DE HAAN'),
(2088, 8420, 'Klemskerke'),
(2089, 8420, 'Wenduine'),
(2090, 8421, 'Vlissegem'),
(2091, 8430, 'MIDDELKERKE'),
(2092, 8431, 'Wilskerke'),
(2093, 8432, 'Leffinge'),
(2094, 8433, 'Mannekensvere'),
(2095, 8433, 'Schore'),
(2096, 8433, 'Sint-Pieters-Kapelle'),
(2097, 8433, 'Slijpe'),
(2098, 8434, 'Lombardsijde'),
(2099, 8434, 'Westende'),
(2100, 8450, 'BREDENE'),
(2101, 8460, 'Ettelgem'),
(2102, 8460, 'OUDENBURG'),
(2103, 8460, 'Roksem'),
(2104, 8460, 'Westkerke'),
(2105, 8470, 'GISTEL'),
(2106, 8470, 'Moere'),
(2107, 8470, 'Snaaskerke'),
(2108, 8470, 'Zevekote'),
(2109, 8480, 'Bekegem'),
(2110, 8480, 'Eernegem'),
(2111, 8480, 'ICHTEGEM'),
(2112, 8490, 'JABBEKE'),
(2113, 8490, 'Snellegem'),
(2114, 8490, 'Stalhille'),
(2115, 8490, 'Varsenare'),
(2116, 8490, 'Zerkegem'),
(2117, 8500, 'KORTRIJK'),
(2118, 8501, 'Bissegem'),
(2119, 8501, 'Heule'),
(2120, 8510, 'Bellegem'),
(2121, 8510, 'Kooigem'),
(2122, 8510, 'Marke'),
(2123, 8510, 'Rollegem'),
(2124, 8511, 'Aalbeke'),
(2125, 8520, 'KUURNE'),
(2126, 8530, 'HARELBEKE'),
(2127, 8531, 'Bavikhove'),
(2128, 8531, 'Hulste'),
(2129, 8540, 'DEERLIJK'),
(2130, 8550, 'ZWEVEGEM'),
(2131, 8551, 'Heestert'),
(2132, 8552, 'Moen'),
(2133, 8553, 'Otegem'),
(2134, 8554, 'Sint-Denijs'),
(2135, 8560, 'Gullegem'),
(2136, 8560, 'Moorsele'),
(2137, 8560, 'WEVELGEM'),
(2138, 8570, 'ANZEGEM'),
(2139, 8570, 'Gijzelbrechtegem'),
(2140, 8570, 'Ingooigem'),
(2141, 8570, 'Vichte'),
(2142, 8572, 'Kaster'),
(2143, 8573, 'Tiegem'),
(2144, 8580, 'AVELGEM'),
(2145, 8581, 'Kerkhove'),
(2146, 8581, 'Waarmaarde'),
(2147, 8582, 'Outrijve'),
(2148, 8583, 'Bossuit'),
(2149, 8587, 'Helkijn'),
(2150, 8587, 'Spiere'),
(2151, 8587, 'SPIERE-HELKIJN'),
(2152, 8600, 'Beerst'),
(2153, 8600, 'DIKSMUIDE'),
(2154, 8600, 'Driekapellen'),
(2155, 8600, 'Esen'),
(2156, 8600, 'Kaaskerke'),
(2157, 8600, 'Keiem'),
(2158, 8600, 'Lampernisse'),
(2159, 8600, 'Leke'),
(2160, 8600, 'Nieuwkapelle'),
(2161, 8600, 'Oostkerke'),
(2162, 8600, 'Oudekapelle'),
(2163, 8600, 'Pervijze'),
(2164, 8600, 'Sint-Jacobs-Kapelle'),
(2165, 8600, 'Stuivekenskerke'),
(2166, 8600, 'Vladslo'),
(2167, 8600, 'Woumen'),
(2168, 8610, 'Handzame'),
(2169, 8610, 'KORTEMARK'),
(2170, 8610, 'Werken'),
(2171, 8610, 'Zarren'),
(2172, 8620, 'NIEUWPOORT'),
(2173, 8620, 'Ramskapelle'),
(2174, 8620, 'Sint-Joris'),
(2175, 8630, 'Avekapelle'),
(2176, 8630, 'Booitshoeke'),
(2177, 8630, 'Bulskamp'),
(2178, 8630, 'De Moeren'),
(2179, 8630, 'Eggewaartskapelle'),
(2180, 8630, 'Houtem'),
(2181, 8630, 'Steenkerke'),
(2182, 8630, 'VEURNE'),
(2183, 8630, 'Vinkem'),
(2184, 8630, 'Wulveringem'),
(2185, 8630, 'Zoutenaaie'),
(2186, 8640, 'Oostvleteren'),
(2187, 8640, 'VLETEREN'),
(2188, 8640, 'Westvleteren'),
(2189, 8640, 'Woesten'),
(2190, 8647, 'Lo'),
(2191, 8647, 'LO-RENINGE'),
(2192, 8647, 'Noordschote'),
(2193, 8647, 'Pollinkhove'),
(2194, 8647, 'Reninge'),
(2195, 8650, 'HOUTHULST'),
(2196, 8650, 'Klerken'),
(2197, 8650, 'Merkem'),
(2198, 8660, 'Adinkerke'),
(2199, 8660, 'DE PANNE'),
(2200, 8670, 'KOKSIJDE'),
(2201, 8670, 'Oostduinkerke'),
(2202, 8670, 'Wulpen'),
(2203, 8680, 'Bovekerke'),
(2204, 8680, 'KOEKELARE'),
(2205, 8680, 'Zande'),
(2206, 8690, 'ALVERINGEM'),
(2207, 8690, 'Hoogstade'),
(2208, 8690, 'Oeren'),
(2209, 8690, 'Sint-Rijkers'),
(2210, 8691, 'Beveren-Aan-De-Ijzer'),
(2211, 8691, 'Gijverinkhove'),
(2212, 8691, 'Izenberge'),
(2213, 8691, 'Leisele'),
(2214, 8691, 'Stavele'),
(2215, 8700, 'Aarsele'),
(2216, 8700, 'Kanegem'),
(2217, 8700, 'Schuiferskapelle'),
(2218, 8700, 'TIELT'),
(2219, 8710, 'Ooigem'),
(2220, 8710, 'Sint-Baafs-Vijve'),
(2221, 8710, 'WIELSBEKE'),
(2222, 8720, 'DENTERGEM'),
(2223, 8720, 'Markegem'),
(2224, 8720, 'Oeselgem'),
(2225, 8720, 'Wakken'),
(2226, 8730, 'BEERNEM'),
(2227, 8730, 'Oedelem'),
(2228, 8730, 'Sint-Joris'),
(2229, 8740, 'Egem'),
(2230, 8740, 'PITTEM'),
(2231, 8750, 'WINGENE'),
(2232, 8750, 'Zwevezele'),
(2233, 8755, 'RUISELEDE'),
(2234, 8760, 'MEULEBEKE'),
(2235, 8770, 'INGELMUNSTER'),
(2236, 8780, 'OOSTROZEBEKE'),
(2237, 8790, 'WAREGEM'),
(2238, 8791, 'Beveren'),
(2239, 8792, 'Desselgem'),
(2240, 8793, 'Sint-Eloois-Vijve'),
(2241, 8800, 'Beveren'),
(2242, 8800, 'Oekene'),
(2243, 8800, 'ROESELARE'),
(2244, 8800, 'Rumbeke'),
(2245, 8810, 'LICHTERVELDE'),
(2246, 8820, 'TORHOUT'),
(2247, 8830, 'Gits'),
(2248, 8830, 'HOOGLEDE'),
(2249, 8840, 'Oostnieuwkerke'),
(2250, 8840, 'STADEN'),
(2251, 8840, 'Westrozebeke'),
(2252, 8850, 'ARDOOIE'),
(2253, 8851, 'Koolskamp'),
(2254, 8860, 'LENDELEDE'),
(2255, 8870, 'Emelgem'),
(2256, 8870, 'IZEGEM'),
(2257, 8870, 'Kachtem'),
(2258, 8880, 'LEDEGEM'),
(2259, 8880, 'Rollegem-Kapelle'),
(2260, 8880, 'Sint-Eloois-Winkel'),
(2261, 8890, 'Dadizele'),
(2262, 8890, 'MOORSLEDE'),
(2263, 8900, 'Brielen'),
(2264, 8900, 'Dikkebus'),
(2265, 8900, 'IEPER'),
(2266, 8900, 'Sint-Jan'),
(2267, 8902, 'Hollebeke'),
(2268, 8902, 'Voormezele'),
(2269, 8902, 'Zillebeke'),
(2270, 8904, 'Boezinge'),
(2271, 8904, 'Zuidschote'),
(2272, 8906, 'Elverdinge'),
(2273, 8908, 'Vlamertinge'),
(2274, 8920, 'Bikschote'),
(2275, 8920, 'Langemark'),
(2276, 8920, 'LANGEMARK-POELKAPELLE'),
(2277, 8920, 'Poelkapelle'),
(2278, 8930, 'Lauwe'),
(2279, 8930, 'MENEN'),
(2280, 8930, 'Rekkem'),
(2281, 8940, 'Geluwe'),
(2282, 8940, 'WERVIK'),
(2283, 8950, 'HEUVELLAND'),
(2284, 8950, 'Nieuwkerke'),
(2285, 8951, 'Dranouter'),
(2286, 8952, 'Wulvergem'),
(2287, 8953, 'Wijtschate'),
(2288, 8954, 'Westouter'),
(2289, 8956, 'Kemmel'),
(2290, 8957, 'MESEN'),
(2291, 8958, 'Loker'),
(2292, 8970, 'POPERINGE'),
(2293, 8970, 'Reningelst'),
(2294, 8972, 'Krombeke'),
(2295, 8972, 'Proven'),
(2296, 8972, 'Roesbrugge-Haringe'),
(2297, 8978, 'Watou'),
(2298, 8980, 'Beselare'),
(2299, 8980, 'Geluveld'),
(2300, 8980, 'Passendale'),
(2301, 8980, 'Zandvoorde'),
(2302, 8980, 'ZONNEBEKE'),
(2303, 9000, 'GENT'),
(2304, 9030, 'Mariakerke'),
(2305, 9031, 'Drongen'),
(2306, 9032, 'Wondelgem'),
(2307, 9040, 'Sint-Amandsberg'),
(2308, 9041, 'Oostakker'),
(2309, 9042, 'Desteldonk'),
(2310, 9042, 'Mendonk'),
(2311, 9042, 'Sint-Kruis-Winkel'),
(2312, 9050, 'Gentbrugge'),
(2313, 9050, 'Ledeberg'),
(2314, 9051, 'Afsnee'),
(2315, 9051, 'Sint-Denijs-Westrem'),
(2316, 9052, 'Zwijnaarde'),
(2317, 9060, 'ZELZATE'),
(2318, 9070, 'DESTELBERGEN'),
(2319, 9070, 'Heusden'),
(2320, 9075, 'CSM Gent X'),
(2321, 9080, 'Beervelde'),
(2322, 9080, 'LOCHRISTI'),
(2323, 9080, 'Zaffelare'),
(2324, 9080, 'Zeveneken'),
(2325, 9090, 'Gontrode'),
(2326, 9090, 'MELLE'),
(2327, 9099, 'Gent X'),
(2328, 9100, 'Nieuwkerken-Waas'),
(2329, 9100, 'SINT-NIKLAAS'),
(2330, 9111, 'Belsele'),
(2331, 9112, 'Sinaai-Waas'),
(2332, 9120, 'BEVEREN-WAAS'),
(2333, 9120, 'Haasdonk'),
(2334, 9120, 'Kallo'),
(2335, 9120, 'Melsele'),
(2336, 9120, 'Vrasene'),
(2337, 9130, 'Doel'),
(2338, 9130, 'Kallo'),
(2339, 9130, 'Kieldrecht'),
(2340, 9130, 'Verrebroek'),
(2341, 9140, 'Elversele'),
(2342, 9140, 'Steendorp'),
(2343, 9140, 'TEMSE'),
(2344, 9140, 'Tielrode'),
(2345, 9150, 'Bazel'),
(2346, 9150, 'KRUIBEKE'),
(2347, 9150, 'Rupelmonde'),
(2348, 9160, 'Daknam'),
(2349, 9160, 'Eksaarde'),
(2350, 9160, 'LOKEREN'),
(2351, 9170, 'De Klinge'),
(2352, 9170, 'Meerdonk'),
(2353, 9170, 'SINT-GILLIS-WAAS'),
(2354, 9170, 'Sint-Pauwels'),
(2355, 9180, 'MOERBEKE-WAAS'),
(2356, 9185, 'WACHTEBEKE'),
(2357, 9190, 'Kemzeke'),
(2358, 9190, 'STEKENE'),
(2359, 9200, 'Appels'),
(2360, 9200, 'Baasrode'),
(2361, 9200, 'DENDERMONDE'),
(2362, 9200, 'Grembergen'),
(2363, 9200, 'Mespelare'),
(2364, 9200, 'Oudegem'),
(2365, 9200, 'Schoonaarde'),
(2366, 9200, 'Sint-Gillis-Dendermonde'),
(2367, 9220, 'HAMME'),
(2368, 9220, 'Moerzeke'),
(2369, 9230, 'Massemen'),
(2370, 9230, 'Westrem'),
(2371, 9230, 'WETTEREN'),
(2372, 9240, 'ZELE'),
(2373, 9250, 'WAASMUNSTER'),
(2374, 9255, 'BUGGENHOUT'),
(2375, 9255, 'Opdorp'),
(2376, 9260, 'Schellebelle'),
(2377, 9260, 'Serskamp'),
(2378, 9260, 'WICHELEN'),
(2379, 9270, 'Kalken'),
(2380, 9270, 'LAARNE'),
(2381, 9280, 'Denderbelle'),
(2382, 9280, 'LEBBEKE'),
(2383, 9280, 'Wieze'),
(2384, 9290, 'BERLARE'),
(2385, 9290, 'Overmere'),
(2386, 9290, 'Uitbergen'),
(2387, 9300, 'AALST'),
(2388, 9308, 'Gijzegem'),
(2389, 9308, 'Hofstade'),
(2390, 9310, 'Baardegem'),
(2391, 9310, 'Herdersem'),
(2392, 9310, 'Meldert'),
(2393, 9310, 'Moorsel'),
(2394, 9320, 'Erembodegem'),
(2395, 9320, 'Nieuwerkerken'),
(2396, 9340, 'Impe'),
(2397, 9340, 'LEDE'),
(2398, 9340, 'Oordegem'),
(2399, 9340, 'Smetlede'),
(2400, 9340, 'Wanzele'),
(2401, 9400, 'Appelterre-Eichem'),
(2402, 9400, 'Denderwindeke'),
(2403, 9400, 'Lieferinge'),
(2404, 9400, 'Nederhasselt'),
(2405, 9400, 'NINOVE'),
(2406, 9400, 'Okegem'),
(2407, 9400, 'Voorde'),
(2408, 9401, 'Pollare'),
(2409, 9402, 'Meerbeke'),
(2410, 9403, 'Neigem'),
(2411, 9404, 'Aspelare'),
(2412, 9406, 'Outer'),
(2413, 9420, 'Aaigem'),
(2414, 9420, 'Bambrugge'),
(2415, 9420, 'Burst'),
(2416, 9420, 'Erondegem'),
(2417, 9420, 'Erpe'),
(2418, 9420, 'ERPE-MERE'),
(2419, 9420, 'Mere'),
(2420, 9420, 'Ottergem'),
(2421, 9420, 'Vlekkem'),
(2422, 9450, 'Denderhoutem'),
(2423, 9450, 'HAALTERT'),
(2424, 9450, 'Heldergem'),
(2425, 9451, 'Kerksken'),
(2426, 9470, 'DENDERLEEUW'),
(2427, 9472, 'Iddergem'),
(2428, 9473, 'Welle'),
(2429, 9500, 'GERAARDSBERGEN'),
(2430, 9500, 'Goeferdinge'),
(2431, 9500, 'Moerbeke'),
(2432, 9500, 'Nederboelare'),
(2433, 9500, 'Onkerzele'),
(2434, 9500, 'Ophasselt'),
(2435, 9500, 'Overboelare'),
(2436, 9500, 'Viane'),
(2437, 9500, 'Zarlardinge'),
(2438, 9506, 'Grimminge'),
(2439, 9506, 'Idegem'),
(2440, 9506, 'Nieuwenhove'),
(2441, 9506, 'Schendelbeke'),
(2442, 9506, 'Smeerebbe-Vloerzegem'),
(2443, 9506, 'Waarbeke'),
(2444, 9506, 'Zandbergen'),
(2445, 9520, 'Bavegem'),
(2446, 9520, 'Oombergen'),
(2447, 9520, 'SINT-LIEVENS-HOUTEM'),
(2448, 9520, 'Vlierzele'),
(2449, 9520, 'Zonnegem'),
(2450, 9521, 'Letterhoutem'),
(2451, 9550, 'HERZELE'),
(2452, 9550, 'Hillegem'),
(2453, 9550, 'Sint-Antelinks'),
(2454, 9550, 'Sint-Lievens-Esse'),
(2455, 9550, 'Steenhuize-Wijnhuize'),
(2456, 9550, 'Woubrechtegem'),
(2457, 9551, 'Ressegem'),
(2458, 9552, 'Borsbeke'),
(2459, 9570, 'Deftinge'),
(2460, 9570, 'LIERDE'),
(2461, 9570, 'Sint-Maria-Lierde'),
(2462, 9571, 'Hemelveerdegem'),
(2463, 9572, 'Sint-Martens-Lierde'),
(2464, 9600, 'RONSE'),
(2465, 9620, 'Elene'),
(2466, 9620, 'Erwetegem'),
(2467, 9620, 'Godveerdegem'),
(2468, 9620, 'Grotenberge'),
(2469, 9620, 'Leeuwergem'),
(2470, 9620, 'Oombergen'),
(2471, 9620, 'Sint-Goriks-Oudenhove'),
(2472, 9620, 'Sint-Maria-Oudenhove'),
(2473, 9620, 'Strijpen'),
(2474, 9620, 'Velzeke-Ruddershove'),
(2475, 9620, 'ZOTTEGEM'),
(2476, 9630, 'Beerlegem'),
(2477, 9630, 'Dikkele'),
(2478, 9630, 'Hundelgem'),
(2479, 9630, 'Meilegem'),
(2480, 9630, 'Munkzwalm'),
(2481, 9630, 'Paulatem'),
(2482, 9630, 'Roborst'),
(2483, 9630, 'Rozebeke'),
(2484, 9630, 'Sint-Blasius-Boekel'),
(2485, 9630, 'Sint-Denijs-Boekel'),
(2486, 9630, 'Sint-Maria-Latem'),
(2487, 9630, 'ZWALM'),
(2488, 9636, 'Nederzwalm-Hermelgem'),
(2489, 9660, 'BRAKEL'),
(2490, 9660, 'Elst'),
(2491, 9660, 'Everbeek'),
(2492, 9660, 'Michelbeke'),
(2493, 9660, 'Nederbrakel'),
(2494, 9660, 'Opbrakel'),
(2495, 9660, 'Sint-Maria-Oudenhove'),
(2496, 9660, 'Zegelsem'),
(2497, 9661, 'Parike'),
(2498, 9667, 'HOREBEKE'),
(2499, 9667, 'Sint-Kornelis-Horebeke'),
(2500, 9667, 'Sint-Maria-Horebeke'),
(2501, 9680, 'Etikhove'),
(2502, 9680, 'Maarke-Kerkem'),
(2503, 9680, 'MAARKEDAL'),
(2504, 9681, 'Nukerke'),
(2505, 9688, 'Schorisse'),
(2506, 9690, 'Berchem'),
(2507, 9690, 'KLUISBERGEN'),
(2508, 9690, 'Kwaremont'),
(2509, 9690, 'Ruien'),
(2510, 9690, 'Zulzeke'),
(2511, 9700, 'Bevere'),
(2512, 9700, 'Edelare'),
(2513, 9700, 'Eine'),
(2514, 9700, 'Ename'),
(2515, 9700, 'Heurne'),
(2516, 9700, 'Leupegem'),
(2517, 9700, 'Mater'),
(2518, 9700, 'Melden'),
(2519, 9700, 'Mullem'),
(2520, 9700, 'Nederename'),
(2521, 9700, 'Ooike'),
(2522, 9700, 'OUDENAARDE'),
(2523, 9700, 'Volkegem'),
(2524, 9700, 'Welden'),
(2525, 9750, 'Huise'),
(2526, 9750, 'Ouwegem'),
(2527, 9750, 'Zingem'),
(2528, 9770, 'KRUISEM'),
(2529, 9770, 'Kruishoutem'),
(2530, 9771, 'Nokere'),
(2531, 9772, 'Wannegem-Lede'),
(2532, 9790, 'Elsegem'),
(2533, 9790, 'Moregem'),
(2534, 9790, 'Ooike'),
(2535, 9790, 'Petegem-Aan-De-Schelde'),
(2536, 9790, 'Wortegem'),
(2537, 9790, 'WORTEGEM-PETEGEM'),
(2538, 9800, 'Astene'),
(2539, 9800, 'Bachte-Maria-Leerne'),
(2540, 9800, 'DEINZE'),
(2541, 9800, 'Gottem'),
(2542, 9800, 'Grammene'),
(2543, 9800, 'Meigem'),
(2544, 9800, 'Petegem-Aan-De-Leie'),
(2545, 9800, 'Sint-Martens-Leerne'),
(2546, 9800, 'Vinkt'),
(2547, 9800, 'Wontergem'),
(2548, 9800, 'Zeveren'),
(2549, 9810, 'Eke'),
(2550, 9810, 'NAZARETH'),
(2551, 9820, 'Bottelare'),
(2552, 9820, 'Lemberge'),
(2553, 9820, 'Melsen'),
(2554, 9820, 'MERELBEKE'),
(2555, 9820, 'Munte'),
(2556, 9820, 'Schelderode'),
(2557, 9830, 'SINT-MARTENS-LATEM'),
(2558, 9831, 'Deurle'),
(2559, 9840, 'DE PINTE'),
(2560, 9840, 'Zevergem'),
(2561, 9850, 'Hansbeke'),
(2562, 9850, 'Landegem'),
(2563, 9850, 'Merendree'),
(2564, 9850, 'Nevele'),
(2565, 9850, 'Poesele'),
(2566, 9850, 'Vosselare'),
(2567, 9860, 'Balegem'),
(2568, 9860, 'Gijzenzele'),
(2569, 9860, 'Landskouter'),
(2570, 9860, 'Moortsele'),
(2571, 9860, 'OOSTERZELE'),
(2572, 9860, 'Scheldewindeke'),
(2573, 9870, 'Machelen'),
(2574, 9870, 'Olsene'),
(2575, 9870, 'ZULTE'),
(2576, 9880, 'AALTER'),
(2577, 9880, 'Lotenhulle'),
(2578, 9880, 'Poeke'),
(2579, 9881, 'Bellem'),
(2580, 9890, 'Asper'),
(2581, 9890, 'Baaigem'),
(2582, 9890, 'Dikkelvenne'),
(2583, 9890, 'GAVERE'),
(2584, 9890, 'Semmerzake'),
(2585, 9890, 'Vurste'),
(2586, 9900, 'EEKLO'),
(2587, 9910, 'Knesselare'),
(2588, 9910, 'Ursel'),
(2589, 9920, 'Lovendegem'),
(2590, 9921, 'Vinderhoute'),
(2591, 9930, 'LIEVEGEM'),
(2592, 9930, 'Zomergem'),
(2593, 9931, 'Oostwinkel'),
(2594, 9932, 'Ronsele'),
(2595, 9940, 'Ertvelde'),
(2596, 9940, 'EVERGEM'),
(2597, 9940, 'Kluizen'),
(2598, 9940, 'Sleidinge'),
(2599, 9950, 'Waarschoot'),
(2600, 9960, 'ASSENEDE'),
(2601, 9961, 'Boekhoute'),
(2602, 9968, 'Bassevelde'),
(2603, 9968, 'Oosteeklo'),
(2604, 9970, 'KAPRIJKE'),
(2605, 9971, 'Lembeke'),
(2606, 9980, 'SINT-LAUREINS'),
(2607, 9981, 'Sint-Margriete'),
(2608, 9982, 'Sint-Jan-In-Eremo'),
(2609, 9988, 'Waterland-Oudeman'),
(2610, 9988, 'Watervliet'),
(2611, 9990, 'MALDEGEM'),
(2612, 9991, 'Adegem'),
(2613, 9992, 'Middelburg'),
(2614, 2970, '\'S Gravenwezel'),
(2615, 2970, 'SCHILDE'),
(2616, 2980, 'Halle'),
(2617, 2980, 'ZOERSEL'),
(2618, 2990, 'Loenhout'),
(2619, 2990, 'WUUSTWEZEL'),
(2620, 3000, 'LEUVEN'),
(2621, 3001, 'Heverlee'),
(2622, 3010, 'Kessel Lo'),
(2623, 3012, 'Wilsele'),
(2624, 3018, 'Wijgmaal'),
(2625, 3020, 'HERENT'),
(2626, 3020, 'Veltem-Beisem'),
(2627, 3020, 'Winksele'),
(2628, 3040, 'HULDENBERG'),
(2629, 3040, 'Loonbeek'),
(2630, 3040, 'Neerijse'),
(2631, 3040, 'Ottenburg'),
(2632, 3040, 'Sint-Agatha-Rode'),
(2633, 3050, 'OUD-HEVERLEE'),
(2634, 3051, 'Sint-Joris-Weert'),
(2635, 3052, 'Blanden'),
(2636, 3053, 'Haasrode'),
(2637, 3054, 'Vaalbeek'),
(2638, 3060, 'BERTEM'),
(2639, 3060, 'Korbeek-Dijle'),
(2640, 3061, 'Leefdaal'),
(2641, 3070, 'KORTENBERG'),
(2642, 3071, 'Erps-Kwerps'),
(2643, 3078, 'Everberg'),
(2644, 3078, 'Meerbeek'),
(2645, 3080, 'Duisburg'),
(2646, 3080, 'TERVUREN'),
(2647, 3080, 'Vossem'),
(2648, 3090, 'OVERIJSE'),
(2649, 3110, 'ROTSELAAR'),
(2650, 3111, 'Wezemaal'),
(2651, 3118, 'Werchter'),
(2652, 3120, 'TREMELO'),
(2653, 3128, 'Baal'),
(2654, 3130, 'BEGIJNENDIJK'),
(2655, 3130, 'Betekom'),
(2656, 3140, 'KEERBERGEN'),
(2657, 3150, 'HAACHT'),
(2658, 3150, 'Tildonk'),
(2659, 3150, 'Wespelaar'),
(2660, 3190, 'BOORTMEERBEEK'),
(2661, 3191, 'Hever'),
(2662, 3200, 'AARSCHOT'),
(2663, 3200, 'Gelrode'),
(2664, 3201, 'Langdorp'),
(2665, 3202, 'Rillaar'),
(2666, 3210, 'Linden'),
(2667, 3210, 'LUBBEEK'),
(2668, 3211, 'Binkom'),
(2669, 3212, 'Pellenberg'),
(2670, 3220, 'HOLSBEEK'),
(2671, 3220, 'Kortrijk-Dutsel'),
(2672, 3220, 'Sint-Pieters-Rode'),
(2673, 3221, 'Nieuwrode'),
(2674, 3270, 'Scherpenheuvel'),
(2675, 3270, 'SCHERPENHEUVEL-ZICHEM'),
(2676, 3271, 'Averbode'),
(2677, 3271, 'Zichem'),
(2678, 3272, 'Messelbroek'),
(2679, 3272, 'Testelt'),
(2680, 3290, 'Deurne'),
(2681, 3290, 'DIEST'),
(2682, 3290, 'Schaffen'),
(2683, 3290, 'Webbekom'),
(2684, 3293, 'Kaggevinne'),
(2685, 3294, 'Molenstede'),
(2686, 3300, 'Bost'),
(2687, 3300, 'Goetsenhoven'),
(2688, 3300, 'Hakendover'),
(2689, 3300, 'Kumtich'),
(2690, 3300, 'Oorbeek'),
(2691, 3300, 'Oplinter'),
(2692, 3300, 'Sint-Margriete-Houtem'),
(2693, 3300, 'TIENEN'),
(2694, 3300, 'Vissenaken'),
(2695, 3320, 'HOEGAARDEN'),
(2696, 3320, 'Meldert'),
(2697, 3321, 'Outgaarden'),
(2698, 3350, 'Drieslinter'),
(2699, 3350, 'LINTER'),
(2700, 3350, 'Melkwezer'),
(2701, 3350, 'Neerhespen'),
(2702, 3350, 'Neerlinter'),
(2703, 3350, 'Orsmaal-Gussenhoven'),
(2704, 3350, 'Overhespen'),
(2705, 3350, 'Wommersom'),
(2706, 3360, 'BIERBEEK'),
(2707, 3360, 'Korbeek-Lo'),
(2708, 3360, 'Lovenjoel'),
(2709, 3360, 'Opvelp'),
(2710, 3370, 'BOUTERSEM'),
(2711, 3370, 'Kerkom'),
(2712, 3370, 'Neervelp'),
(2713, 3370, 'Roosbeek'),
(2714, 3370, 'Vertrijk'),
(2715, 3370, 'Willebringen'),
(2716, 3380, 'Bunsbeek'),
(2717, 3380, 'GLABBEEK'),
(2718, 3381, 'Kapellen'),
(2719, 3384, 'Attenrode'),
(2720, 3390, 'Houwaart'),
(2721, 3390, 'Sint-Joris-Winge'),
(2722, 3390, 'Tielt'),
(2723, 3390, 'TIELT-WINGE'),
(2724, 3391, 'Meensel-Kiezegem'),
(2725, 3400, 'Eliksem'),
(2726, 3400, 'Ezemaal'),
(2727, 3400, 'Laar'),
(2728, 3400, 'LANDEN'),
(2729, 3400, 'Neerwinden'),
(2730, 3400, 'Overwinden'),
(2731, 3400, 'Rumsdorp'),
(2732, 3400, 'Wange'),
(2733, 3401, 'Waasmont'),
(2734, 3401, 'Walsbets'),
(2735, 3401, 'Walshoutem'),
(2736, 3401, 'Wezeren'),
(2737, 3404, 'Attenhoven'),
(2738, 3404, 'Neerlanden'),
(2739, 3440, 'Budingen'),
(2740, 3440, 'Dormaal'),
(2741, 3440, 'Halle-Booienhoven'),
(2742, 3440, 'Helen-Bos'),
(2743, 3440, 'ZOUTLEEUW'),
(2744, 3450, 'GEETBETS'),
(2745, 3450, 'Grazen'),
(2746, 3454, 'Rummen'),
(2747, 3460, 'Assent'),
(2748, 3460, 'BEKKEVOORT'),
(2749, 3461, 'Molenbeek-Wersbeek'),
(2750, 3470, 'KORTENAKEN'),
(2751, 3470, 'Ransberg'),
(2752, 3470, 'Sint-Margriete-Houtem'),
(2753, 3471, 'Hoeleden'),
(2754, 3472, 'Kersbeek-Miskom'),
(2755, 3473, 'Waanrode'),
(2756, 3500, 'HASSELT'),
(2757, 3500, 'Sint-Lambrechts-Herk'),
(2758, 3501, 'Wimmertingen'),
(2759, 3510, 'Kermt'),
(2760, 3510, 'Spalbeek'),
(2761, 3511, 'Kuringen'),
(2762, 3511, 'Stokrooie'),
(2763, 3512, 'Stevoort'),
(2764, 3520, 'ZONHOVEN'),
(2765, 3530, 'Helchteren'),
(2766, 3530, 'Houthalen'),
(2767, 3530, 'HOUTHALEN-HELCHTEREN'),
(2768, 3540, 'Berbroek'),
(2769, 3540, 'Donk'),
(2770, 3540, 'HERK-DE-STAD'),
(2771, 3540, 'Schulen'),
(2772, 3545, 'HALEN'),
(2773, 3545, 'Loksbergen'),
(2774, 3545, 'Zelem'),
(2775, 3550, 'Heusden'),
(2776, 3550, 'HEUSDEN-ZOLDER'),
(2777, 3550, 'Zolder'),
(2778, 3560, 'Linkhout'),
(2779, 3560, 'LUMMEN'),
(2780, 3560, 'Meldert'),
(2781, 3570, 'ALKEN'),
(2782, 3580, 'BERINGEN'),
(2783, 3581, 'Beverlo'),
(2784, 3582, 'Koersel'),
(2785, 3583, 'Paal'),
(2786, 3590, 'DIEPENBEEK'),
(2787, 3600, 'GENK'),
(2788, 3620, 'Gellik'),
(2789, 3620, 'LANAKEN'),
(2790, 3620, 'Neerharen'),
(2791, 3620, 'Veldwezelt'),
(2792, 3621, 'Rekem'),
(2793, 3630, 'Eisden'),
(2794, 3630, 'Leut'),
(2795, 3630, 'MAASMECHELEN'),
(2796, 3630, 'Mechelen-Aan-De-Maas'),
(2797, 3630, 'Meeswijk'),
(2798, 3630, 'Opgrimbie'),
(2799, 3630, 'Vucht'),
(2800, 3631, 'Boorsem'),
(2801, 3631, 'Uikhoven'),
(2802, 3640, 'Kessenich'),
(2803, 3640, 'KINROOI'),
(2804, 3640, 'Molenbeersel'),
(2805, 3640, 'Ophoven'),
(2806, 3650, 'Dilsen'),
(2807, 3650, 'DILSEN-STOKKEM'),
(2808, 3650, 'Elen'),
(2809, 3650, 'Lanklaar'),
(2810, 3650, 'Rotem'),
(2811, 3650, 'Stokkem'),
(2812, 3660, 'Opglabbeek'),
(2813, 3665, 'AS'),
(2814, 3668, 'Niel-Bij-As'),
(2815, 3670, 'Ellikom'),
(2816, 3670, 'Gruitrode'),
(2817, 3670, 'Meeuwen'),
(2818, 3670, 'Neerglabbeek'),
(2819, 3670, 'OUDSBERGEN'),
(2820, 3670, 'Wijshagen'),
(2821, 3680, 'MAASEIK'),
(2822, 3680, 'Neeroeteren'),
(2823, 3680, 'Opoeteren'),
(2824, 3690, 'ZUTENDAAL'),
(2825, 3700, '\'S Herenelderen'),
(2826, 2080, 'MECHELEN');

-- --------------------------------------------------------

--
-- Table structure for table `klant`
--

CREATE TABLE `klant` (
  `klant_ID` int(11) NOT NULL,
  `firmanaam` varchar(60) DEFAULT NULL,
  `klant_voornaam` varchar(60) DEFAULT NULL,
  `klant_achternaam` varchar(60) DEFAULT NULL,
  `btwnummer` varchar(10) DEFAULT NULL,
  `klantstraat` varchar(60) DEFAULT NULL,
  `klantstraatnummer` varchar(8) DEFAULT NULL,
  `gemeente_id` int(11) DEFAULT NULL,
  `email` varchar(60) DEFAULT NULL,
  `telefoonnummer` varchar(10) DEFAULT NULL,
  `hashed_wachtwoord` varchar(256) DEFAULT NULL,
  `session` varchar(128) CHARACTER SET utf8 COLLATE utf8_unicode_ci DEFAULT NULL,
  `mail_token` varchar(128) CHARACTER SET utf8 COLLATE utf8_unicode_ci NOT NULL,
  `isVerified` tinyint(1) NOT NULL DEFAULT '0',
  `passwordresetToken` varchar(256) DEFAULT NULL,
  `created_at` timestamp NULL DEFAULT CURRENT_TIMESTAMP,
  `updated_at` timestamp NOT NULL DEFAULT CURRENT_TIMESTAMP ON UPDATE CURRENT_TIMESTAMP,
  `passwordresetexpire` datetime DEFAULT NULL
) ENGINE=InnoDB DEFAULT CHARSET=utf8;

-- --------------------------------------------------------

--
-- Table structure for table `korting`
--

CREATE TABLE `korting` (
  `korting_ID` int(11) NOT NULL,
  `kortings_percentage` float(2,0) DEFAULT NULL,
  `created_att` timestamp NULL DEFAULT CURRENT_TIMESTAMP
) ENGINE=InnoDB DEFAULT CHARSET=utf8;

--
-- Dumping data for table `korting`
--

INSERT INTO `korting` (`korting_ID`, `kortings_percentage`, `created_att`) VALUES
(1, 5, '2020-01-08 09:11:59'),
(2, 10, '2020-01-08 09:11:59');

--
-- Indexes for dumped tables
--

--
-- Indexes for table `betaalstatus`
--
ALTER TABLE `betaalstatus`
  ADD PRIMARY KEY (`betaalstatus_ID`);

--
-- Indexes for table `bier`
--
ALTER TABLE `bier`
  ADD PRIMARY KEY (`bier_ID`),
  ADD KEY `bier_bier__fk` (`brouwerij_id`),
  ADD KEY `bier_bierstijl_bierstijl_ID_fk` (`bierstijl_id`);

--
-- Indexes for table `bierstijl`
--
ALTER TABLE `bierstijl`
  ADD PRIMARY KEY (`bierstijl_ID`);

--
-- Indexes for table `brouwerij`
--
ALTER TABLE `brouwerij`
  ADD PRIMARY KEY (`brouwerij_ID`),
  ADD KEY `brouwerij_gemeente_gemeente_ID_fk` (`gemeente_id`);

--
-- Indexes for table `btw`
--
ALTER TABLE `btw`
  ADD PRIMARY KEY (`btw_ID`);

--
-- Indexes for table `factuur`
--
ALTER TABLE `factuur`
  ADD PRIMARY KEY (`factuur_ID`),
  ADD KEY `factuur_btw_btw_ID_fk` (`btw_id`),
  ADD KEY `factuur_korting_korting_ID_fk` (`kortings_id`),
  ADD KEY `factuur_betaalstatus_betaalstatus_ID_fk` (`betaalstatus_id`),
  ADD KEY `factuur_klant_klant_ID_fk` (`klant_id`);

--
-- Indexes for table `factuurlijn`
--
ALTER TABLE `factuurlijn`
  ADD PRIMARY KEY (`factuurlijn_ID`),
  ADD KEY `factuurlijn_bier_bier_id_fk` (`bier_id`);

--
-- Indexes for table `gemeente`
--
ALTER TABLE `gemeente`
  ADD PRIMARY KEY (`gemeente_ID`);

--
-- Indexes for table `klant`
--
ALTER TABLE `klant`
  ADD PRIMARY KEY (`klant_ID`),
  ADD KEY `klant_gemeente_gemeente_ID_fk` (`gemeente_id`);

--
-- Indexes for table `korting`
--
ALTER TABLE `korting`
  ADD PRIMARY KEY (`korting_ID`);

--
-- AUTO_INCREMENT for dumped tables
--

--
-- AUTO_INCREMENT for table `betaalstatus`
--
ALTER TABLE `betaalstatus`
  MODIFY `betaalstatus_ID` int(11) NOT NULL AUTO_INCREMENT, AUTO_INCREMENT=4;

--
-- AUTO_INCREMENT for table `bier`
--
ALTER TABLE `bier`
  MODIFY `bier_ID` int(11) NOT NULL AUTO_INCREMENT, AUTO_INCREMENT=36;

--
-- AUTO_INCREMENT for table `bierstijl`
--
ALTER TABLE `bierstijl`
  MODIFY `bierstijl_ID` int(11) NOT NULL AUTO_INCREMENT, AUTO_INCREMENT=19;

--
-- AUTO_INCREMENT for table `brouwerij`
--
ALTER TABLE `brouwerij`
  MODIFY `brouwerij_ID` int(11) NOT NULL AUTO_INCREMENT, AUTO_INCREMENT=30;

--
-- AUTO_INCREMENT for table `btw`
--
ALTER TABLE `btw`
  MODIFY `btw_ID` int(11) NOT NULL AUTO_INCREMENT, AUTO_INCREMENT=3;

--
-- AUTO_INCREMENT for table `factuur`
--
ALTER TABLE `factuur`
  MODIFY `factuur_ID` int(11) NOT NULL AUTO_INCREMENT;

--
-- AUTO_INCREMENT for table `gemeente`
--
ALTER TABLE `gemeente`
  MODIFY `gemeente_ID` int(11) NOT NULL AUTO_INCREMENT, AUTO_INCREMENT=2827;

--
-- AUTO_INCREMENT for table `klant`
--
ALTER TABLE `klant`
  MODIFY `klant_ID` int(11) NOT NULL AUTO_INCREMENT;

--
-- AUTO_INCREMENT for table `korting`
--
ALTER TABLE `korting`
  MODIFY `korting_ID` int(11) NOT NULL AUTO_INCREMENT, AUTO_INCREMENT=3;

--
-- Constraints for dumped tables
--

--
-- Constraints for table `bier`
--
ALTER TABLE `bier`
  ADD CONSTRAINT `bier_bier__fk` FOREIGN KEY (`brouwerij_id`) REFERENCES `brouwerij` (`brouwerij_ID`),
  ADD CONSTRAINT `bier_bierstijl_bierstijl_ID_fk` FOREIGN KEY (`bierstijl_id`) REFERENCES `bierstijl` (`bierstijl_ID`);

--
-- Constraints for table `brouwerij`
--
ALTER TABLE `brouwerij`
  ADD CONSTRAINT `brouwerij_gemeente_gemeente_ID_fk` FOREIGN KEY (`gemeente_id`) REFERENCES `gemeente` (`gemeente_ID`);

--
-- Constraints for table `factuur`
--
ALTER TABLE `factuur`
  ADD CONSTRAINT `factuur_betaalstatus_betaalstatus_ID_fk` FOREIGN KEY (`betaalstatus_id`) REFERENCES `betaalstatus` (`betaalstatus_ID`),
  ADD CONSTRAINT `factuur_btw_btw_ID_fk` FOREIGN KEY (`btw_id`) REFERENCES `btw` (`btw_ID`),
  ADD CONSTRAINT `factuur_klant_klant_ID_fk` FOREIGN KEY (`klant_id`) REFERENCES `klant` (`klant_ID`),
  ADD CONSTRAINT `factuur_korting_korting_ID_fk` FOREIGN KEY (`kortings_id`) REFERENCES `korting` (`korting_ID`);

--
-- Constraints for table `klant`
--
ALTER TABLE `klant`
  ADD CONSTRAINT `klant_gemeente_gemeente_ID_fk` FOREIGN KEY (`gemeente_id`) REFERENCES `gemeente` (`gemeente_ID`);
COMMIT;

/*!40101 SET CHARACTER_SET_CLIENT=@OLD_CHARACTER_SET_CLIENT */;
/*!40101 SET CHARACTER_SET_RESULTS=@OLD_CHARACTER_SET_RESULTS */;
/*!40101 SET COLLATION_CONNECTION=@OLD_COLLATION_CONNECTION */;
